solid wind_turbine_blade
  facet normal 5.372448e-01 8.377057e-01 9.806712e-02
    outer loop
      vertex 3.038973e+00 -9.638655e-01 2.000000e+00
      vertex 3.005942e+00 -9.426820e-01 2.000000e+00
      vertex 3.367562e+00 -1.547363e+00 5.184211e+00
    endloop
  endfacet
  facet normal 6.402201e-01 7.646145e-01 7.404699e-02
    outer loop
      vertex 3.038973e+00 -9.638655e-01 2.000000e+00
      vertex 3.367562e+00 -1.547363e+00 5.184211e+00
      vertex 3.402956e+00 -1.576999e+00 5.184211e+00
    endloop
  endfacet
  facet normal 5.314929e-01 8.419550e-01 9.288161e-02
    outer loop
      vertex 3.005942e+00 -9.426820e-01 2.000000e+00
      vertex 2.885164e+00 -8.664395e-01 2.000000e+00
      vertex 3.237963e+00 -1.440419e+00 5.184211e+00
    endloop
  endfacet
  facet normal 6.347269e-01 7.691866e-01 7.398464e-02
    outer loop
      vertex 3.005942e+00 -9.426820e-01 2.000000e+00
      vertex 3.237963e+00 -1.440419e+00 5.184211e+00
      vertex 3.367562e+00 -1.547363e+00 5.184211e+00
    endloop
  endfacet
  facet normal 5.196162e-01 8.502111e-01 8.449966e-02
    outer loop
      vertex 2.885164e+00 -8.664395e-01 2.000000e+00
      vertex 2.680183e+00 -7.411628e-01 2.000000e+00
      vertex 3.017398e+00 -1.263724e+00 5.184211e+00
    endloop
  endfacet
  facet normal 6.236308e-01 7.784671e-01 7.122887e-02
    outer loop
      vertex 2.885164e+00 -8.664395e-01 2.000000e+00
      vertex 3.017398e+00 -1.263724e+00 5.184211e+00
      vertex 3.237963e+00 -1.440419e+00 5.184211e+00
    endloop
  endfacet
  facet normal 5.026915e-01 8.613821e-01 7.295345e-02
    outer loop
      vertex 2.680183e+00 -7.411628e-01 2.000000e+00
      vertex 2.399025e+00 -5.770827e-01 2.000000e+00
      vertex 2.713711e+00 -1.030412e+00 5.184211e+00
    endloop
  endfacet
  facet normal 6.079229e-01 7.912915e-01 6.547848e-02
    outer loop
      vertex 2.680183e+00 -7.411628e-01 2.000000e+00
      vertex 2.713711e+00 -1.030412e+00 5.184211e+00
      vertex 3.017398e+00 -1.263724e+00 5.184211e+00
    endloop
  endfacet
  facet normal 4.815798e-01 8.744482e-01 5.849159e-02
    outer loop
      vertex 2.399025e+00 -5.770827e-01 2.000000e+00
      vertex 2.053373e+00 -3.867242e-01 2.000000e+00
      vertex 2.338673e+00 -7.568365e-01 5.184211e+00
    endloop
  endfacet
  facet normal 5.883789e-01 8.065959e-01 5.668542e-02
    outer loop
      vertex 2.399025e+00 -5.770827e-01 2.000000e+00
      vertex 2.338673e+00 -7.568365e-01 5.184211e+00
      vertex 2.713711e+00 -1.030412e+00 5.184211e+00
    endloop
  endfacet
  facet normal 4.582191e-01 8.877266e-01 4.446097e-02
    outer loop
      vertex 2.053373e+00 -3.867242e-01 2.000000e+00
      vertex 1.717093e+00 -2.131458e-01 2.000000e+00
      vertex 1.972074e+00 -5.042378e-01 5.184211e+00
    endloop
  endfacet
  facet normal 5.668147e-01 8.226247e-01 4.483105e-02
    outer loop
      vertex 2.053373e+00 -3.867242e-01 2.000000e+00
      vertex 1.972074e+00 -5.042378e-01 5.184211e+00
      vertex 2.338673e+00 -7.568365e-01 5.184211e+00
    endloop
  endfacet
  facet normal 4.297802e-01 9.025538e-01 2.618330e-02
    outer loop
      vertex 1.717093e+00 -2.131458e-01 2.000000e+00
      vertex 1.293626e+00 -1.149809e-02 2.000000e+00
      vertex 1.507907e+00 -2.059097e-01 5.184211e+00
    endloop
  endfacet
  facet normal 5.403693e-01 8.407573e-01 3.358887e-02
    outer loop
      vertex 1.717093e+00 -2.131458e-01 2.000000e+00
      vertex 1.507907e+00 -2.059097e-01 5.184211e+00
      vertex 1.972074e+00 -5.042378e-01 5.184211e+00
    endloop
  endfacet
  facet normal 3.911005e-01 9.203166e-01 7.605363e-03
    outer loop
      vertex 1.293626e+00 -1.149809e-02 2.000000e+00
      vertex 8.551042e-01 1.748573e-01 2.000000e+00
      vertex 1.023897e+00 7.681291e-02 5.184211e+00
    endloop
  endfacet
  facet normal 5.042923e-01 8.633289e-01 1.877415e-02
    outer loop
      vertex 1.293626e+00 -1.149809e-02 2.000000e+00
      vertex 1.023897e+00 7.681291e-02 5.184211e+00
      vertex 1.507907e+00 -2.059097e-01 5.184211e+00
    endloop
  endfacet
  facet normal 3.360068e-01 9.418009e-01 -1.051369e-02
    outer loop
      vertex 8.551042e-01 1.748573e-01 2.000000e+00
      vertex 4.176971e-01 3.309113e-01 2.000000e+00
      vertex 5.366781e-01 3.240090e-01 5.184211e+00
    endloop
  endfacet
  facet normal 4.524552e-01 8.917804e-01 3.474348e-03
    outer loop
      vertex 8.551042e-01 1.748573e-01 2.000000e+00
      vertex 5.366781e-01 3.240090e-01 5.184211e+00
      vertex 1.023897e+00 7.681291e-02 5.184211e+00
    endloop
  endfacet
  facet normal 2.549714e-01 9.665599e-01 -2.741519e-02
    outer loop
      vertex 4.176971e-01 3.309113e-01 2.000000e+00
      vertex 4.062170e-03 4.400252e-01 2.000000e+00
      vertex 7.021626e-02 5.128901e-01 5.184211e+00
    endloop
  endfacet
  facet normal 3.752940e-01 9.268280e-01 -1.201415e-02
    outer loop
      vertex 4.176971e-01 3.309113e-01 2.000000e+00
      vertex 7.021626e-02 5.128901e-01 5.184211e+00
      vertex 5.366781e-01 3.240090e-01 5.184211e+00
    endloop
  endfacet
  facet normal 1.506231e-01 9.876546e-01 -4.302503e-02
    outer loop
      vertex 4.062170e-03 4.400252e-01 2.000000e+00
      vertex -3.621470e-01 4.958742e-01 2.000000e+00
      vertex -3.488272e-01 6.325561e-01 5.184211e+00
    endloop
  endfacet
  facet normal 2.744869e-01 9.611919e-01 -2.769780e-02
    outer loop
      vertex 4.062170e-03 4.400252e-01 2.000000e+00
      vertex -3.488272e-01 6.325561e-01 5.184211e+00
      vertex 7.021626e-02 5.128901e-01 5.184211e+00
    endloop
  endfacet
  facet normal 2.195508e-02 9.982395e-01 -5.509955e-02
    outer loop
      vertex -3.621470e-01 4.958742e-01 2.000000e+00
      vertex -6.226601e-01 5.016039e-01 2.000000e+00
      vertex -6.519846e-01 6.780068e-01 5.184211e+00
    endloop
  endfacet
  facet normal 1.481301e-01 9.880313e-01 -4.303077e-02
    outer loop
      vertex -3.621470e-01 4.958742e-01 2.000000e+00
      vertex -6.519846e-01 6.780068e-01 5.184211e+00
      vertex -3.488272e-01 6.325561e-01 5.184211e+00
    endloop
  endfacet
  facet normal -1.644997e-01 9.841162e-01 -6.674741e-02
    outer loop
      vertex -6.226601e-01 5.016039e-01 2.000000e+00
      vertex -8.492816e-01 4.637230e-01 2.000000e+00
      vertex -9.220810e-01 6.675224e-01 5.184211e+00
    endloop
  endfacet
  facet normal -3.872782e-02 9.977002e-01 -5.562852e-02
    outer loop
      vertex -6.226601e-01 5.016039e-01 2.000000e+00
      vertex -9.220810e-01 6.675224e-01 5.184211e+00
      vertex -6.519846e-01 6.780068e-01 5.184211e+00
    endloop
  endfacet
  facet normal -5.115758e-01 8.560749e-01 -7.366083e-02
    outer loop
      vertex -8.492816e-01 4.637230e-01 2.000000e+00
      vertex -9.814104e-01 3.847651e-01 2.000000e+00
      vertex -1.088020e+00 5.950420e-01 5.184211e+00
    endloop
  endfacet
  facet normal -3.993558e-01 9.142968e-01 -6.764818e-02
    outer loop
      vertex -8.492816e-01 4.637230e-01 2.000000e+00
      vertex -1.088020e+00 5.950420e-01 5.184211e+00
      vertex -9.220810e-01 6.675224e-01 5.184211e+00
    endloop
  endfacet
  facet normal -9.608845e-01 2.713271e-01 -5.552071e-02
    outer loop
      vertex -9.814104e-01 3.847651e-01 2.000000e+00
      vertex -1.013047e+00 2.727269e-01 2.000000e+00
      vertex -1.141610e+00 4.690047e-01 5.184211e+00
    endloop
  endfacet
  facet normal -9.187942e-01 3.906637e-01 -5.656022e-02
    outer loop
      vertex -9.814104e-01 3.847651e-01 2.000000e+00
      vertex -1.141610e+00 4.690047e-01 5.184211e+00
      vertex -1.088020e+00 5.950420e-01 5.184211e+00
    endloop
  endfacet
  facet normal -8.686050e-01 -4.953768e-01 -1.127423e-02
    outer loop
      vertex -1.013047e+00 2.727269e-01 2.000000e+00
      vertex -9.415925e-01 1.474371e-01 2.000000e+00
      vertex -1.076868e+00 3.121633e-01 5.184211e+00
    endloop
  endfacet
  facet normal -9.242578e-01 -3.815195e-01 -1.379981e-02
    outer loop
      vertex -1.013047e+00 2.727269e-01 2.000000e+00
      vertex -1.076868e+00 3.121633e-01 5.184211e+00
      vertex -1.141610e+00 4.690047e-01 5.184211e+00
    endloop
  endfacet
  facet normal -6.101948e-01 -7.922352e-01 5.059103e-03
    outer loop
      vertex -9.415925e-01 1.474371e-01 2.000000e+00
      vertex -7.720236e-01 1.683185e-02 2.000000e+00
      vertex -8.984209e-01 1.345195e-01 5.184211e+00
    endloop
  endfacet
  facet normal -7.054940e-01 -7.086843e-01 6.690117e-03
    outer loop
      vertex -9.415925e-01 1.474371e-01 2.000000e+00
      vertex -8.984209e-01 1.345195e-01 5.184211e+00
      vertex -1.076868e+00 3.121633e-01 5.184211e+00
    endloop
  endfacet
  facet normal -4.602120e-01 -8.878034e-01 3.164217e-03
    outer loop
      vertex -7.720236e-01 1.683185e-02 2.000000e+00
      vertex -5.558085e-01 -9.524789e-02 2.000000e+00
      vertex -6.627827e-01 -2.844666e-02 5.184211e+00
    endloop
  endfacet
  facet normal -5.687961e-01 -8.224414e-01 7.818843e-03
    outer loop
      vertex -7.720236e-01 1.683185e-02 2.000000e+00
      vertex -6.627827e-01 -2.844666e-02 5.184211e+00
      vertex -8.984209e-01 1.345195e-01 5.184211e+00
    endloop
  endfacet
  facet normal -3.655552e-01 -9.307462e-01 -8.994702e-03
    outer loop
      vertex -5.558085e-01 -9.524789e-02 2.000000e+00
      vertex -2.323296e-01 -2.222959e-01 2.000000e+00
      vertex -3.041985e-01 -2.248411e-01 5.184211e+00
    endloop
  endfacet
  facet normal -4.803639e-01 -8.770663e-01 2.261956e-03
    outer loop
      vertex -5.558085e-01 -9.524789e-02 2.000000e+00
      vertex -3.041985e-01 -2.248411e-01 5.184211e+00
      vertex -6.627827e-01 -2.844666e-02 5.184211e+00
    endloop
  endfacet
  facet normal -3.005086e-01 -9.534138e-01 -2.639518e-02
    outer loop
      vertex -2.323296e-01 -2.222959e-01 2.000000e+00
      vertex 1.525324e-01 -3.436013e-01 2.000000e+00
      vertex 1.268722e-01 -4.236680e-01 5.184211e+00
    endloop
  endfacet
  facet normal -4.188129e-01 -9.080155e-01 -1.017858e-02
    outer loop
      vertex -2.323296e-01 -2.222959e-01 2.000000e+00
      vertex 1.268722e-01 -4.236680e-01 5.184211e+00
      vertex -3.041985e-01 -2.248411e-01 5.184211e+00
    endloop
  endfacet
  facet normal -2.621585e-01 -9.638771e-01 -4.705179e-02
    outer loop
      vertex 1.525324e-01 -3.436013e-01 2.000000e+00
      vertex 5.804955e-01 -4.600002e-01 2.000000e+00
      vertex 6.089706e-01 -6.231826e-01 5.184211e+00
    endloop
  endfacet
  facet normal -3.822613e-01 -9.236798e-01 -2.630633e-02
    outer loop
      vertex 1.525324e-01 -3.436013e-01 2.000000e+00
      vertex 6.089706e-01 -6.231826e-01 5.184211e+00
      vertex 1.268722e-01 -4.236680e-01 5.184211e+00
    endloop
  endfacet
  facet normal -2.352248e-01 -9.694618e-01 -6.937662e-02
    outer loop
      vertex 5.804955e-01 -4.600002e-01 2.000000e+00
      vertex 1.034894e+00 -5.702528e-01 2.000000e+00
      vertex 1.122832e+00 -8.194582e-01 5.184211e+00
    endloop
  endfacet
  facet normal -3.564632e-01 -9.332424e-01 -4.463852e-02
    outer loop
      vertex 5.804955e-01 -4.600002e-01 2.000000e+00
      vertex 1.122832e+00 -8.194582e-01 5.184211e+00
      vertex 6.089706e-01 -6.231826e-01 5.184211e+00
    endloop
  endfacet
  facet normal -2.154916e-01 -9.721851e-01 -9.175803e-02
    outer loop
      vertex 1.034894e+00 -5.702528e-01 2.000000e+00
      vertex 1.488565e+00 -6.708122e-01 2.000000e+00
      vertex 1.637288e+00 -1.004314e+00 5.184211e+00
    endloop
  endfacet
  facet normal -3.374583e-01 -9.391500e-01 -6.418095e-02
    outer loop
      vertex 1.034894e+00 -5.702528e-01 2.000000e+00
      vertex 1.637288e+00 -1.004314e+00 5.184211e+00
      vertex 1.122832e+00 -8.194582e-01 5.184211e+00
    endloop
  endfacet
  facet normal -2.044262e-01 -9.726914e-01 -1.099149e-01
    outer loop
      vertex 1.488565e+00 -6.708122e-01 2.000000e+00
      vertex 1.859112e+00 -7.486885e-01 2.000000e+00
      vertex 2.058116e+00 -1.150331e+00 5.184211e+00
    endloop
  endfacet
  facet normal -3.266619e-01 -9.414591e-01 -8.334754e-02
    outer loop
      vertex 1.488565e+00 -6.708122e-01 2.000000e+00
      vertex 2.058116e+00 -1.150331e+00 5.184211e+00
      vertex 1.637288e+00 -1.004314e+00 5.184211e+00
    endloop
  endfacet
  facet normal -1.970358e-01 -9.719013e-01 -1.287816e-01
    outer loop
      vertex 1.859112e+00 -7.486885e-01 2.000000e+00
      vertex 2.250457e+00 -8.280268e-01 2.000000e+00
      vertex 2.502997e+00 -1.301148e+00 5.184211e+00
    endloop
  endfacet
  facet normal -3.194847e-01 -9.424157e-01 -9.890522e-02
    outer loop
      vertex 1.859112e+00 -7.486885e-01 2.000000e+00
      vertex 2.502997e+00 -1.301148e+00 5.184211e+00
      vertex 2.058116e+00 -1.150331e+00 5.184211e+00
    endloop
  endfacet
  facet normal -1.906255e-01 -9.709526e-01 -1.446134e-01
    outer loop
      vertex 2.250457e+00 -8.280268e-01 2.000000e+00
      vertex 2.578633e+00 -8.924571e-01 2.000000e+00
      vertex 2.876381e+00 -1.425169e+00 5.184211e+00
    endloop
  endfacet
  facet normal -3.131201e-01 -9.426964e-01 -1.152356e-01
    outer loop
      vertex 2.250457e+00 -8.280268e-01 2.000000e+00
      vertex 2.876381e+00 -1.425169e+00 5.184211e+00
      vertex 2.502997e+00 -1.301148e+00 5.184211e+00
    endloop
  endfacet
  facet normal -1.848766e-01 -9.701931e-01 -1.566718e-01
    outer loop
      vertex 2.578633e+00 -8.924571e-01 2.000000e+00
      vertex 2.826546e+00 -9.396984e-01 2.000000e+00
      vertex 3.158657e+00 -1.517187e+00 5.184211e+00
    endloop
  endfacet
  facet normal -3.073459e-01 -9.428147e-01 -1.289918e-01
    outer loop
      vertex 2.578633e+00 -8.924571e-01 2.000000e+00
      vertex 3.158657e+00 -1.517187e+00 5.184211e+00
      vertex 2.876381e+00 -1.425169e+00 5.184211e+00
    endloop
  endfacet
  facet normal -1.801575e-01 -9.698131e-01 -1.643344e-01
    outer loop
      vertex 2.826546e+00 -9.396984e-01 2.000000e+00
      vertex 2.980956e+00 -9.683824e-01 2.000000e+00
      vertex 3.334580e+00 -1.573637e+00 5.184211e+00
    endloop
  endfacet
  facet normal -3.025472e-01 -9.428787e-01 -1.394451e-01
    outer loop
      vertex 2.826546e+00 -9.396984e-01 2.000000e+00
      vertex 3.334580e+00 -1.573637e+00 5.184211e+00
      vertex 3.158657e+00 -1.517187e+00 5.184211e+00
    endloop
  endfacet
  facet normal -1.774553e-01 -9.698394e-01 -1.670960e-01
    outer loop
      vertex 2.980956e+00 -9.683824e-01 2.000000e+00
      vertex 3.033400e+00 -9.779783e-01 2.000000e+00
      vertex 3.394353e+00 -1.592638e+00 5.184211e+00
    endloop
  endfacet
  facet normal -2.997179e-01 -9.428021e-01 -1.459224e-01
    outer loop
      vertex 2.980956e+00 -9.683824e-01 2.000000e+00
      vertex 3.394353e+00 -1.592638e+00 5.184211e+00
      vertex 3.334580e+00 -1.573637e+00 5.184211e+00
    endloop
  endfacet
  facet normal 6.419825e-01 7.667193e-01 1.182222e-14
    outer loop
      vertex 3.402956e+00 -1.576999e+00 5.184211e+00
      vertex 3.367562e+00 -1.547363e+00 5.184211e+00
      vertex 3.367562e+00 -1.547363e+00 8.368421e+00
    endloop
  endfacet
  facet normal 6.419825e-01 7.667193e-01 1.207150e-14
    outer loop
      vertex 3.402956e+00 -1.576999e+00 5.184211e+00
      vertex 3.367562e+00 -1.547363e+00 8.368421e+00
      vertex 3.402956e+00 -1.576999e+00 8.368421e+00
    endloop
  endfacet
  facet normal 6.364712e-01 7.713005e-01 1.091998e-14
    outer loop
      vertex 3.367562e+00 -1.547363e+00 5.184211e+00
      vertex 3.237963e+00 -1.440419e+00 5.184211e+00
      vertex 3.237963e+00 -1.440419e+00 8.368421e+00
    endloop
  endfacet
  facet normal 6.364712e-01 7.713005e-01 1.225458e-14
    outer loop
      vertex 3.367562e+00 -1.547363e+00 5.184211e+00
      vertex 3.237963e+00 -1.440419e+00 8.368421e+00
      vertex 3.367562e+00 -1.547363e+00 8.368421e+00
    endloop
  endfacet
  facet normal 6.252188e-01 7.804495e-01 9.777228e-15
    outer loop
      vertex 3.237963e+00 -1.440419e+00 5.184211e+00
      vertex 3.017398e+00 -1.263724e+00 5.184211e+00
      vertex 3.017398e+00 -1.263724e+00 8.368421e+00
    endloop
  endfacet
  facet normal 6.252188e-01 7.804495e-01 1.175581e-14
    outer loop
      vertex 3.237963e+00 -1.440419e+00 5.184211e+00
      vertex 3.017398e+00 -1.263724e+00 8.368421e+00
      vertex 3.237963e+00 -1.440419e+00 8.368421e+00
    endloop
  endfacet
  facet normal 6.092304e-01 7.929933e-01 8.080172e-15
    outer loop
      vertex 3.017398e+00 -1.263724e+00 5.184211e+00
      vertex 2.713711e+00 -1.030412e+00 5.184211e+00
      vertex 2.713711e+00 -1.030412e+00 8.368421e+00
    endloop
  endfacet
  facet normal 6.092304e-01 7.929933e-01 1.085259e-14
    outer loop
      vertex 3.017398e+00 -1.263724e+00 5.184211e+00
      vertex 2.713711e+00 -1.030412e+00 8.368421e+00
      vertex 3.017398e+00 -1.263724e+00 8.368421e+00
    endloop
  endfacet
  facet normal 5.893265e-01 8.078950e-01 5.802117e-15
    outer loop
      vertex 2.713711e+00 -1.030412e+00 5.184211e+00
      vertex 2.338673e+00 -7.568365e-01 5.184211e+00
      vertex 2.338673e+00 -7.568365e-01 8.368421e+00
    endloop
  endfacet
  facet normal 5.893265e-01 8.078950e-01 9.243314e-15
    outer loop
      vertex 2.713711e+00 -1.030412e+00 5.184211e+00
      vertex 2.338673e+00 -7.568365e-01 8.368421e+00
      vertex 2.713711e+00 -1.030412e+00 8.368421e+00
    endloop
  endfacet
  facet normal 5.673851e-01 8.234526e-01 3.573207e-15
    outer loop
      vertex 2.338673e+00 -7.568365e-01 5.184211e+00
      vertex 1.972074e+00 -5.042378e-01 5.184211e+00
      vertex 1.972074e+00 -5.042378e-01 8.368421e+00
    endloop
  endfacet
  facet normal 5.673851e-01 8.234526e-01 6.882737e-15
    outer loop
      vertex 2.338673e+00 -7.568365e-01 5.184211e+00
      vertex 1.972074e+00 -5.042378e-01 8.368421e+00
      vertex 2.338673e+00 -7.568365e-01 8.368421e+00
    endloop
  endfacet
  facet normal 5.406744e-01 8.412320e-01 6.477000e-16
    outer loop
      vertex 1.972074e+00 -5.042378e-01 5.184211e+00
      vertex 1.507907e+00 -2.059097e-01 5.184211e+00
      vertex 1.507907e+00 -2.059097e-01 8.368421e+00
    endloop
  endfacet
  facet normal 5.406744e-01 8.412320e-01 4.649842e-15
    outer loop
      vertex 1.972074e+00 -5.042378e-01 5.184211e+00
      vertex 1.507907e+00 -2.059097e-01 8.368421e+00
      vertex 1.972074e+00 -5.042378e-01 8.368421e+00
    endloop
  endfacet
  facet normal 5.043812e-01 8.634811e-01 -2.488094e-15
    outer loop
      vertex 1.507907e+00 -2.059097e-01 5.184211e+00
      vertex 1.023897e+00 7.681291e-02 5.184211e+00
      vertex 1.023897e+00 7.681291e-02 8.368421e+00
    endloop
  endfacet
  facet normal 5.043812e-01 8.634811e-01 1.711898e-15
    outer loop
      vertex 1.507907e+00 -2.059097e-01 5.184211e+00
      vertex 1.023897e+00 7.681291e-02 8.368421e+00
      vertex 1.507907e+00 -2.059097e-01 8.368421e+00
    endloop
  endfacet
  facet normal 4.524579e-01 8.917858e-01 -5.408600e-15
    outer loop
      vertex 1.023897e+00 7.681291e-02 5.184211e+00
      vertex 5.366781e-01 3.240090e-01 5.184211e+00
      vertex 5.366781e-01 3.240090e-01 8.368421e+00
    endloop
  endfacet
  facet normal 4.524579e-01 8.917858e-01 -1.487122e-15
    outer loop
      vertex 1.023897e+00 7.681291e-02 5.184211e+00
      vertex 5.366781e-01 3.240090e-01 8.368421e+00
      vertex 1.023897e+00 7.681291e-02 8.368421e+00
    endloop
  endfacet
  facet normal 3.753211e-01 9.268949e-01 -8.365847e-15
    outer loop
      vertex 5.366781e-01 3.240090e-01 5.184211e+00
      vertex 7.021626e-02 5.128901e-01 5.184211e+00
      vertex 7.021626e-02 5.128901e-01 8.368421e+00
    endloop
  endfacet
  facet normal 3.753211e-01 9.268949e-01 -4.661409e-15
    outer loop
      vertex 5.366781e-01 3.240090e-01 5.184211e+00
      vertex 7.021626e-02 5.128901e-01 8.368421e+00
      vertex 5.366781e-01 3.240090e-01 8.368421e+00
    endloop
  endfacet
  facet normal 2.745923e-01 9.615608e-01 -1.129594e-14
    outer loop
      vertex 7.021626e-02 5.128901e-01 5.184211e+00
      vertex -3.488272e-01 6.325561e-01 5.184211e+00
      vertex -3.488272e-01 6.325561e-01 8.368421e+00
    endloop
  endfacet
  facet normal 2.745923e-01 9.615608e-01 -8.141432e-15
    outer loop
      vertex 7.021626e-02 5.128901e-01 5.184211e+00
      vertex -3.488272e-01 6.325561e-01 8.368421e+00
      vertex 7.021626e-02 5.128901e-01 8.368421e+00
    endloop
  endfacet
  facet normal 1.482675e-01 9.889473e-01 -1.398647e-14
    outer loop
      vertex -3.488272e-01 6.325561e-01 5.184211e+00
      vertex -6.519846e-01 6.780068e-01 5.184211e+00
      vertex -6.519846e-01 6.780068e-01 8.368421e+00
    endloop
  endfacet
  facet normal 1.482675e-01 9.889473e-01 -1.169950e-14
    outer loop
      vertex -3.488272e-01 6.325561e-01 5.184211e+00
      vertex -6.519846e-01 6.780068e-01 8.368421e+00
      vertex -3.488272e-01 6.325561e-01 8.368421e+00
    endloop
  endfacet
  facet normal -3.878789e-02 9.992475e-01 -1.699621e-14
    outer loop
      vertex -6.519846e-01 6.780068e-01 5.184211e+00
      vertex -9.220810e-01 6.675224e-01 5.184211e+00
      vertex -9.220810e-01 6.675224e-01 8.368421e+00
    endloop
  endfacet
  facet normal -3.878789e-02 9.992475e-01 -1.502588e-14
    outer loop
      vertex -6.519846e-01 6.780068e-01 5.184211e+00
      vertex -9.220810e-01 6.675224e-01 8.368421e+00
      vertex -6.519846e-01 6.780068e-01 8.368421e+00
    endloop
  endfacet
  facet normal -4.002728e-01 9.163960e-01 -2.008538e-14
    outer loop
      vertex -9.220810e-01 6.675224e-01 5.184211e+00
      vertex -1.088020e+00 5.950420e-01 5.184211e+00
      vertex -1.088020e+00 5.950420e-01 8.368421e+00
    endloop
  endfacet
  facet normal -4.002728e-01 9.163960e-01 -1.880373e-14
    outer loop
      vertex -9.220810e-01 6.675224e-01 5.184211e+00
      vertex -1.088020e+00 5.950420e-01 8.368421e+00
      vertex -9.220810e-01 6.675224e-01 8.368421e+00
    endloop
  endfacet
  facet normal -9.202674e-01 3.912900e-01 -1.845303e-14
    outer loop
      vertex -1.088020e+00 5.950420e-01 5.184211e+00
      vertex -1.141610e+00 4.690047e-01 5.184211e+00
      vertex -1.141610e+00 4.690047e-01 8.368421e+00
    endloop
  endfacet
  facet normal -9.202674e-01 3.912900e-01 -1.740748e-14
    outer loop
      vertex -1.088020e+00 5.950420e-01 5.184211e+00
      vertex -1.141610e+00 4.690047e-01 8.368421e+00
      vertex -1.088020e+00 5.950420e-01 8.368421e+00
    endloop
  endfacet
  facet normal -9.243458e-01 -3.815558e-01 -7.920843e-15
    outer loop
      vertex -1.141610e+00 4.690047e-01 5.184211e+00
      vertex -1.076868e+00 3.121633e-01 5.184211e+00
      vertex -1.076868e+00 3.121633e-01 8.368421e+00
    endloop
  endfacet
  facet normal -9.243458e-01 -3.815558e-01 -6.651191e-15
    outer loop
      vertex -1.141610e+00 4.690047e-01 5.184211e+00
      vertex -1.076868e+00 3.121633e-01 8.368421e+00
      vertex -1.141610e+00 4.690047e-01 8.368421e+00
    endloop
  endfacet
  facet normal -7.055098e-01 -7.087001e-01 -2.648274e-15
    outer loop
      vertex -1.076868e+00 3.121633e-01 5.184211e+00
      vertex -8.984209e-01 1.345195e-01 5.184211e+00
      vertex -8.984209e-01 1.345195e-01 8.368421e+00
    endloop
  endfacet
  facet normal -7.055098e-01 -7.087001e-01 -8.210197e-16
    outer loop
      vertex -1.076868e+00 3.121633e-01 5.184211e+00
      vertex -8.984209e-01 1.345195e-01 8.368421e+00
      vertex -1.076868e+00 3.121633e-01 8.368421e+00
    endloop
  endfacet
  facet normal -5.688135e-01 -8.224666e-01 -2.084066e-15
    outer loop
      vertex -8.984209e-01 1.345195e-01 5.184211e+00
      vertex -6.627827e-01 -2.844666e-02 5.184211e+00
      vertex -6.627827e-01 -2.844666e-02 8.368421e+00
    endloop
  endfacet
  facet normal -5.688135e-01 -8.224666e-01 2.821504e-17
    outer loop
      vertex -8.984209e-01 1.345195e-01 5.184211e+00
      vertex -6.627827e-01 -2.844666e-02 8.368421e+00
      vertex -8.984209e-01 1.345195e-01 8.368421e+00
    endloop
  endfacet
  facet normal -4.803652e-01 -8.770686e-01 -3.976213e-15
    outer loop
      vertex -6.627827e-01 -2.844666e-02 5.184211e+00
      vertex -3.041985e-01 -2.248411e-01 5.184211e+00
      vertex -3.041985e-01 -2.248411e-01 8.368421e+00
    endloop
  endfacet
  facet normal -4.803652e-01 -8.770686e-01 -9.566612e-16
    outer loop
      vertex -6.627827e-01 -2.844666e-02 5.184211e+00
      vertex -3.041985e-01 -2.248411e-01 8.368421e+00
      vertex -6.627827e-01 -2.844666e-02 8.368421e+00
    endloop
  endfacet
  facet normal -4.188346e-01 -9.080625e-01 -7.106025e-15
    outer loop
      vertex -3.041985e-01 -2.248411e-01 5.184211e+00
      vertex 1.268722e-01 -4.236680e-01 5.184211e+00
      vertex 1.268722e-01 -4.236680e-01 8.368421e+00
    endloop
  endfacet
  facet normal -4.188346e-01 -9.080625e-01 -3.629596e-15
    outer loop
      vertex -3.041985e-01 -2.248411e-01 5.184211e+00
      vertex 1.268722e-01 -4.236680e-01 8.368421e+00
      vertex -3.041985e-01 -2.248411e-01 8.368421e+00
    endloop
  endfacet
  facet normal -3.823936e-01 -9.239995e-01 -1.098450e-14
    outer loop
      vertex 1.268722e-01 -4.236680e-01 5.184211e+00
      vertex 6.089706e-01 -6.231826e-01 5.184211e+00
      vertex 6.089706e-01 -6.231826e-01 8.368421e+00
    endloop
  endfacet
  facet normal -3.823936e-01 -9.239995e-01 -7.181039e-15
    outer loop
      vertex 1.268722e-01 -4.236680e-01 5.184211e+00
      vertex 6.089706e-01 -6.231826e-01 8.368421e+00
      vertex 1.268722e-01 -4.236680e-01 8.368421e+00
    endloop
  endfacet
  facet normal -3.568189e-01 -9.341736e-01 -1.522044e-14
    outer loop
      vertex 6.089706e-01 -6.231826e-01 5.184211e+00
      vertex 1.122832e+00 -8.194582e-01 5.184211e+00
      vertex 1.122832e+00 -8.194582e-01 8.368421e+00
    endloop
  endfacet
  facet normal -3.568189e-01 -9.341736e-01 -1.123298e-14
    outer loop
      vertex 6.089706e-01 -6.231826e-01 5.184211e+00
      vertex 1.122832e+00 -8.194582e-01 8.368421e+00
      vertex 6.089706e-01 -6.231826e-01 8.368421e+00
    endloop
  endfacet
  facet normal -3.381554e-01 -9.410903e-01 -1.974024e-14
    outer loop
      vertex 1.122832e+00 -8.194582e-01 5.184211e+00
      vertex 1.637288e+00 -1.004314e+00 5.184211e+00
      vertex 1.637288e+00 -1.004314e+00 8.368421e+00
    endloop
  endfacet
  facet normal -3.381554e-01 -9.410903e-01 -1.556392e-14
    outer loop
      vertex 1.122832e+00 -8.194582e-01 5.184211e+00
      vertex 1.637288e+00 -1.004314e+00 8.368421e+00
      vertex 1.122832e+00 -8.194582e-01 8.368421e+00
    endloop
  endfacet
  facet normal -3.278025e-01 -9.447463e-01 -2.321318e-14
    outer loop
      vertex 1.637288e+00 -1.004314e+00 5.184211e+00
      vertex 2.058116e+00 -1.150331e+00 5.184211e+00
      vertex 2.058116e+00 -1.150331e+00 8.368421e+00
    endloop
  endfacet
  facet normal -3.278025e-01 -9.447463e-01 -2.000949e-14
    outer loop
      vertex 1.637288e+00 -1.004314e+00 5.184211e+00
      vertex 2.058116e+00 -1.150331e+00 8.368421e+00
      vertex 1.637288e+00 -1.004314e+00 8.368421e+00
    endloop
  endfacet
  facet normal -3.210588e-01 -9.470592e-01 -2.681326e-14
    outer loop
      vertex 2.058116e+00 -1.150331e+00 5.184211e+00
      vertex 2.502997e+00 -1.301148e+00 5.184211e+00
      vertex 2.502997e+00 -1.301148e+00 8.368421e+00
    endloop
  endfacet
  facet normal -3.210588e-01 -9.470592e-01 -2.343634e-14
    outer loop
      vertex 2.058116e+00 -1.150331e+00 5.184211e+00
      vertex 2.502997e+00 -1.301148e+00 8.368421e+00
      vertex 2.058116e+00 -1.150331e+00 8.368421e+00
    endloop
  endfacet
  facet normal -3.152200e-01 -9.490186e-01 -2.988686e-14
    outer loop
      vertex 2.502997e+00 -1.301148e+00 5.184211e+00
      vertex 2.876381e+00 -1.425169e+00 5.184211e+00
      vertex 2.876381e+00 -1.425169e+00 8.368421e+00
    endloop
  endfacet
  facet normal -3.152200e-01 -9.490186e-01 -2.705372e-14
    outer loop
      vertex 2.502997e+00 -1.301148e+00 5.184211e+00
      vertex 2.876381e+00 -1.425169e+00 8.368421e+00
      vertex 2.502997e+00 -1.301148e+00 8.368421e+00
    endloop
  endfacet
  facet normal -3.099352e-01 -9.507577e-01 -3.231716e-14
    outer loop
      vertex 2.876381e+00 -1.425169e+00 5.184211e+00
      vertex 3.158657e+00 -1.517187e+00 5.184211e+00
      vertex 3.158657e+00 -1.517187e+00 8.368421e+00
    endloop
  endfacet
  facet normal -3.099352e-01 -9.507577e-01 -3.012594e-14
    outer loop
      vertex 2.876381e+00 -1.425169e+00 5.184211e+00
      vertex 3.158657e+00 -1.517187e+00 8.368421e+00
      vertex 2.876381e+00 -1.425169e+00 8.368421e+00
    endloop
  endfacet
  facet normal -3.055323e-01 -9.521817e-01 -3.406590e-14
    outer loop
      vertex 3.158657e+00 -1.517187e+00 5.184211e+00
      vertex 3.334580e+00 -1.573637e+00 5.184211e+00
      vertex 3.334580e+00 -1.573637e+00 8.368421e+00
    endloop
  endfacet
  facet normal -3.055323e-01 -9.521817e-01 -3.253989e-14
    outer loop
      vertex 3.158657e+00 -1.517187e+00 5.184211e+00
      vertex 3.334580e+00 -1.573637e+00 8.368421e+00
      vertex 3.158657e+00 -1.517187e+00 8.368421e+00
    endloop
  endfacet
  facet normal -3.029608e-01 -9.530030e-01 -3.469945e-14
    outer loop
      vertex 3.334580e+00 -1.573637e+00 5.184211e+00
      vertex 3.394353e+00 -1.592638e+00 5.184211e+00
      vertex 3.394353e+00 -1.592638e+00 8.368421e+00
    endloop
  endfacet
  facet normal -3.029608e-01 -9.530030e-01 -3.420463e-14
    outer loop
      vertex 3.334580e+00 -1.573637e+00 5.184211e+00
      vertex 3.394353e+00 -1.592638e+00 8.368421e+00
      vertex 3.334580e+00 -1.573637e+00 8.368421e+00
    endloop
  endfacet
  facet normal 6.386610e-01 7.627525e-01 -1.015909e-01
    outer loop
      vertex 3.402956e+00 -1.576999e+00 8.368421e+00
      vertex 3.367562e+00 -1.547363e+00 8.368421e+00
      vertex 3.495770e+00 -1.230608e+00 1.155263e+01
    endloop
  endfacet
  facet normal 5.654616e-01 8.180035e-01 -1.054677e-01
    outer loop
      vertex 3.402956e+00 -1.576999e+00 8.368421e+00
      vertex 3.495770e+00 -1.230608e+00 1.155263e+01
      vertex 3.533743e+00 -1.256858e+00 1.155263e+01
    endloop
  endfacet
  facet normal 6.334678e-01 7.676608e-01 -9.703267e-02
    outer loop
      vertex 3.367562e+00 -1.547363e+00 8.368421e+00
      vertex 3.237963e+00 -1.440419e+00 8.368421e+00
      vertex 3.356872e+00 -1.136056e+00 1.155263e+01
    endloop
  endfacet
  facet normal 5.596531e-01 8.221353e-01 -1.043170e-01
    outer loop
      vertex 3.367562e+00 -1.547363e+00 8.368421e+00
      vertex 3.356872e+00 -1.136056e+00 1.155263e+01
      vertex 3.495770e+00 -1.230608e+00 1.155263e+01
    endloop
  endfacet
  facet normal 6.227146e-01 7.773235e-01 -8.941253e-02
    outer loop
      vertex 3.237963e+00 -1.440419e+00 8.368421e+00
      vertex 3.017398e+00 -1.263724e+00 8.368421e+00
      vertex 3.120969e+00 -9.804276e-01 1.155263e+01
    endloop
  endfacet
  facet normal 5.479241e-01 8.305476e-01 -9.984922e-02
    outer loop
      vertex 3.237963e+00 -1.440419e+00 8.368421e+00
      vertex 3.120969e+00 -9.804276e-01 1.155263e+01
      vertex 3.356872e+00 -1.136056e+00 1.155263e+01
    endloop
  endfacet
  facet normal 6.073242e-01 7.905122e-01 -7.904231e-02
    outer loop
      vertex 3.017398e+00 -1.263724e+00 8.368421e+00
      vertex 2.713711e+00 -1.030412e+00 8.368421e+00
      vertex 2.797084e+00 -7.760788e-01 1.155263e+01
    endloop
  endfacet
  facet normal 5.313270e-01 8.421340e-01 -9.220613e-02
    outer loop
      vertex 3.017398e+00 -1.263724e+00 8.368421e+00
      vertex 2.797084e+00 -7.760788e-01 1.155263e+01
      vertex 3.120969e+00 -9.804276e-01 1.155263e+01
    endloop
  endfacet
  facet normal 5.880265e-01 8.061128e-01 -6.638469e-02
    outer loop
      vertex 2.713711e+00 -1.030412e+00 8.368421e+00
      vertex 2.338673e+00 -7.568365e-01 8.368421e+00
      vertex 2.398442e+00 -5.382105e-01 1.155263e+01
    endloop
  endfacet
  facet normal 5.106940e-01 8.558688e-01 -8.173246e-02
    outer loop
      vertex 2.713711e+00 -1.030412e+00 8.368421e+00
      vertex 2.398442e+00 -5.382105e-01 1.155263e+01
      vertex 2.797084e+00 -7.760788e-01 1.155263e+01
    endloop
  endfacet
  facet normal 5.665502e-01 8.222408e-01 -5.422995e-02
    outer loop
      vertex 2.338673e+00 -7.568365e-01 8.368421e+00
      vertex 1.972074e+00 -5.042378e-01 8.368421e+00
      vertex 2.010135e+00 -3.204520e-01 1.155263e+01
    endloop
  endfacet
  facet normal 4.879648e-01 8.701395e-01 -6.890253e-02
    outer loop
      vertex 2.338673e+00 -7.568365e-01 8.368421e+00
      vertex 2.010135e+00 -3.204520e-01 1.155263e+01
      vertex 2.398442e+00 -5.382105e-01 1.155263e+01
    endloop
  endfacet
  facet normal 5.402625e-01 8.405911e-01 -3.902638e-02
    outer loop
      vertex 1.972074e+00 -5.042378e-01 8.368421e+00
      vertex 1.507907e+00 -2.059097e-01 8.368421e+00
      vertex 1.520463e+00 -6.614520e-02 1.155263e+01
    endloop
  endfacet
  facet normal 4.601525e-01 8.860314e-01 -5.664003e-02
    outer loop
      vertex 1.972074e+00 -5.042378e-01 8.368421e+00
      vertex 1.520463e+00 -6.614520e-02 1.155263e+01
      vertex 2.010135e+00 -3.204520e-01 1.155263e+01
    endloop
  endfacet
  facet normal 5.042399e-01 8.632392e-01 -2.366884e-02
    outer loop
      vertex 1.507907e+00 -2.059097e-01 8.368421e+00
      vertex 1.023897e+00 7.681291e-02 8.368421e+00
      vertex 1.012469e+00 1.707947e-01 1.155263e+01
    endloop
  endfacet
  facet normal 4.223417e-01 9.054903e-01 -4.141002e-02
    outer loop
      vertex 1.507907e+00 -2.059097e-01 8.368421e+00
      vertex 1.012469e+00 1.707947e-01 1.155263e+01
      vertex 1.520463e+00 -6.614520e-02 1.155263e+01
    endloop
  endfacet
  facet normal 4.524400e-01 8.917505e-01 -8.893294e-03
    outer loop
      vertex 1.023897e+00 7.681291e-02 8.368421e+00
      vertex 5.366781e-01 3.240090e-01 8.368421e+00
      vertex 5.045532e-01 3.720636e-01 1.155263e+01
    endloop
  endfacet
  facet normal 3.682690e-01 9.293526e-01 -2.610815e-02
    outer loop
      vertex 1.023897e+00 7.681291e-02 8.368421e+00
      vertex 5.045532e-01 3.720636e-01 1.155263e+01
      vertex 1.012469e+00 1.707947e-01 1.155263e+01
    endloop
  endfacet
  facet normal 3.753175e-01 9.268861e-01 4.355441e-03
    outer loop
      vertex 5.366781e-01 3.240090e-01 8.368421e+00
      vertex 7.021626e-02 5.128901e-01 8.368421e+00
      vertex 2.267687e-02 5.171773e-01 1.155263e+01
    endloop
  endfacet
  facet normal 2.883327e-01 9.574607e-01 -1.154061e-02
    outer loop
      vertex 5.366781e-01 3.240090e-01 8.368421e+00
      vertex 2.267687e-02 5.171773e-01 1.155263e+01
      vertex 5.045532e-01 3.720636e-01 1.155263e+01
    endloop
  endfacet
  facet normal 2.745596e-01 9.614466e-01 1.540904e-02
    outer loop
      vertex 7.021626e-02 5.128901e-01 8.368421e+00
      vertex -3.488272e-01 6.325561e-01 8.368421e+00
      vertex -4.056074e-01 5.977376e-01 1.155263e+01
    endloop
  endfacet
  facet normal 1.848581e-01 9.827642e-01 1.436700e-03
    outer loop
      vertex 7.021626e-02 5.128901e-01 8.368421e+00
      vertex -4.056074e-01 5.977376e-01 1.155263e+01
      vertex 2.267687e-02 5.171773e-01 1.155263e+01
    endloop
  endfacet
  facet normal 1.482305e-01 9.887009e-01 2.231939e-02
    outer loop
      vertex -3.488272e-01 6.325561e-01 8.368421e+00
      vertex -6.519846e-01 6.780068e-01 8.368421e+00
      vertex -7.116624e-01 6.150721e-01 1.155263e+01
    endloop
  endfacet
  facet normal 5.654395e-02 9.983289e-01 1.192473e-02
    outer loop
      vertex -3.488272e-01 6.325561e-01 8.368421e+00
      vertex -7.116624e-01 6.150721e-01 1.155263e+01
      vertex -4.056074e-01 5.977376e-01 1.155263e+01
    endloop
  endfacet
  facet normal -3.877392e-02 9.988877e-01 2.683187e-02
    outer loop
      vertex -6.519846e-01 6.780068e-01 8.368421e+00
      vertex -9.220810e-01 6.675224e-01 8.368421e+00
      vertex -9.796450e-01 5.797545e-01 1.155263e+01
    endloop
  endfacet
  facet normal -1.306418e-01 9.912814e-01 1.714383e-02
    outer loop
      vertex -6.519846e-01 6.780068e-01 8.368421e+00
      vertex -9.796450e-01 5.797545e-01 1.155263e+01
      vertex -7.116624e-01 6.150721e-01 1.155263e+01
    endloop
  endfacet
  facet normal -4.001645e-01 9.161482e-01 2.325457e-02
    outer loop
      vertex -9.220810e-01 6.675224e-01 8.368421e+00
      vertex -1.088020e+00 5.950420e-01 8.368421e+00
      vertex -1.138202e+00 4.922980e-01 1.155263e+01
    endloop
  endfacet
  facet normal -4.829207e-01 8.755286e-01 1.540241e-02
    outer loop
      vertex -9.220810e-01 6.675224e-01 8.368421e+00
      vertex -1.138202e+00 4.922980e-01 1.155263e+01
      vertex -9.796450e-01 5.797545e-01 1.155263e+01
    endloop
  endfacet
  facet normal -9.202654e-01 3.912892e-01 2.084039e-03
    outer loop
      vertex -1.088020e+00 5.950420e-01 8.368421e+00
      vertex -1.141610e+00 4.690047e-01 8.368421e+00
      vertex -1.179956e+00 3.618604e-01 1.155263e+01
    endloop
  endfacet
  facet normal -9.523834e-01 3.048593e-01 -5.172594e-03
    outer loop
      vertex -1.088020e+00 5.950420e-01 8.368421e+00
      vertex -1.179956e+00 3.618604e-01 1.155263e+01
      vertex -1.138202e+00 4.922980e-01 1.155263e+01
    endloop
  endfacet
  facet normal -9.241779e-01 -3.814865e-01 -1.905864e-02
    outer loop
      vertex -1.141610e+00 4.690047e-01 8.368421e+00
      vertex -1.076868e+00 3.121633e-01 8.368421e+00
      vertex -1.101043e+00 2.116489e-01 1.155263e+01
    endloop
  endfacet
  facet normal -8.849662e-01 -4.649120e-01 -2.630085e-02
    outer loop
      vertex -1.141610e+00 4.690047e-01 8.368421e+00
      vertex -1.101043e+00 2.116489e-01 1.155263e+01
      vertex -1.179956e+00 3.618604e-01 1.155263e+01
    endloop
  endfacet
  facet normal -7.053624e-01 -7.085521e-01 -2.043972e-02
    outer loop
      vertex -1.076868e+00 3.121633e-01 8.368421e+00
      vertex -8.984209e-01 1.345195e-01 8.368421e+00
      vertex -9.069921e-01 5.119654e-02 1.155263e+01
    endloop
  endfacet
  facet normal -6.369635e-01 -7.703425e-01 -2.915290e-02
    outer loop
      vertex -1.076868e+00 3.121633e-01 8.368421e+00
      vertex -9.069921e-01 5.119654e-02 1.155263e+01
      vertex -1.101043e+00 2.116489e-01 1.155263e+01
    endloop
  endfacet
  facet normal -5.687515e-01 -8.223769e-01 -1.476399e-02
    outer loop
      vertex -8.984209e-01 1.345195e-01 8.368421e+00
      vertex -6.627827e-01 -2.844666e-02 8.368421e+00
      vertex -6.573451e-01 -8.937284e-02 1.155263e+01
    endloop
  endfacet
  facet normal -4.904977e-01 -8.711088e-01 -2.411507e-02
    outer loop
      vertex -8.984209e-01 1.345195e-01 8.368421e+00
      vertex -6.573451e-01 -8.937284e-02 1.155263e+01
      vertex -9.069921e-01 5.119654e-02 1.155263e+01
    endloop
  endfacet
  facet normal -4.803611e-01 -8.770611e-01 -4.135028e-03
    outer loop
      vertex -6.627827e-01 -2.844666e-02 8.368421e+00
      vertex -3.041985e-01 -2.248411e-01 8.368421e+00
      vertex -2.821958e-01 -2.519042e-01 1.155263e+01
    endloop
  endfacet
  facet normal -3.974822e-01 -9.174547e-01 -1.687567e-02
    outer loop
      vertex -6.627827e-01 -2.844666e-02 8.368421e+00
      vertex -2.821958e-01 -2.519042e-01 1.155263e+01
      vertex -6.573451e-01 -8.937284e-02 1.155263e+01
    endloop
  endfacet
  facet normal -4.188180e-01 -9.080265e-01 8.907707e-03
    outer loop
      vertex -3.041985e-01 -2.248411e-01 8.368421e+00
      vertex 1.268722e-01 -4.236680e-01 8.368421e+00
      vertex 1.653558e-01 -4.101812e-01 1.155263e+01
    endloop
  endfacet
  facet normal -3.334096e-01 -9.427648e-01 -5.708876e-03
    outer loop
      vertex -3.041985e-01 -2.248411e-01 8.368421e+00
      vertex 1.653558e-01 -4.101812e-01 1.155263e+01
      vertex -2.821958e-01 -2.519042e-01 1.155263e+01
    endloop
  endfacet
  facet normal -3.822869e-01 -9.237417e-01 2.362088e-02
    outer loop
      vertex 1.268722e-01 -4.236680e-01 8.368421e+00
      vertex 6.089706e-01 -6.231826e-01 8.368421e+00
      vertex 6.637816e-01 -5.644429e-01 1.155263e+01
    endloop
  endfacet
  facet normal -2.956524e-01 -9.552652e-01 7.619240e-03
    outer loop
      vertex 1.268722e-01 -4.236680e-01 8.368421e+00
      vertex 6.637816e-01 -5.644429e-01 1.155263e+01
      vertex 1.653558e-01 -4.101812e-01 1.155263e+01
    endloop
  endfacet
  facet normal -3.565438e-01 -9.334535e-01 3.925613e-02
    outer loop
      vertex 6.089706e-01 -6.231826e-01 8.368421e+00
      vertex 1.122832e+00 -8.194582e-01 8.368421e+00
      vertex 1.193537e+00 -7.125538e-01 1.155263e+01
    endloop
  endfacet
  facet normal -2.691904e-01 -9.628266e-01 2.239511e-02
    outer loop
      vertex 6.089706e-01 -6.231826e-01 8.368421e+00
      vertex 1.193537e+00 -7.125538e-01 1.155263e+01
      vertex 6.637816e-01 -5.644429e-01 1.155263e+01
    endloop
  endfacet
  facet normal -3.376467e-01 -9.396744e-01 5.483438e-02
    outer loop
      vertex 1.122832e+00 -8.194582e-01 8.368421e+00
      vertex 1.637288e+00 -1.004314e+00 8.368421e+00
      vertex 1.722832e+00 -8.492386e-01 1.155263e+01
    endloop
  endfacet
  facet normal -2.498558e-01 -9.675359e-01 3.803139e-02
    outer loop
      vertex 1.122832e+00 -8.194582e-01 8.368421e+00
      vertex 1.722832e+00 -8.492386e-01 1.155263e+01
      vertex 1.193537e+00 -7.125538e-01 1.155263e+01
    endloop
  endfacet
  facet normal -3.270538e-01 -9.425886e-01 6.754723e-02
    outer loop
      vertex 1.637288e+00 -1.004314e+00 8.368421e+00
      vertex 2.058116e+00 -1.150331e+00 8.368421e+00
      vertex 2.155321e+00 -9.558732e-01 1.155263e+01
    endloop
  endfacet
  facet normal -2.390464e-01 -9.695255e-01 5.363925e-02
    outer loop
      vertex 1.637288e+00 -1.004314e+00 8.368421e+00
      vertex 2.155321e+00 -9.558732e-01 1.155263e+01
      vertex 1.722832e+00 -8.492386e-01 1.155263e+01
    endloop
  endfacet
  facet normal -3.200050e-01 -9.439505e-01 8.095872e-02
    outer loop
      vertex 2.058116e+00 -1.150331e+00 8.368421e+00
      vertex 2.502997e+00 -1.301148e+00 8.368421e+00
      vertex 2.612203e+00 -1.065073e+00 1.155263e+01
    endloop
  endfacet
  facet normal -2.319508e-01 -9.704623e-01 6.634623e-02
    outer loop
      vertex 2.058116e+00 -1.150331e+00 8.368421e+00
      vertex 2.612203e+00 -1.065073e+00 1.155263e+01
      vertex 2.155321e+00 -9.558732e-01 1.155263e+01
    endloop
  endfacet
  facet normal -3.138786e-01 -9.449800e-01 9.215730e-02
    outer loop
      vertex 2.502997e+00 -1.301148e+00 8.368421e+00
      vertex 2.876381e+00 -1.425169e+00 8.368421e+00
      vertex 2.995422e+00 -1.154175e+00 1.155263e+01
    endloop
  endfacet
  facet normal -2.257477e-01 -9.709180e-01 7.972545e-02
    outer loop
      vertex 2.502997e+00 -1.301148e+00 8.368421e+00
      vertex 2.995422e+00 -1.154175e+00 1.155263e+01
      vertex 2.612203e+00 -1.065073e+00 1.155263e+01
    endloop
  endfacet
  facet normal -3.083636e-01 -9.459366e-01 1.005771e-01
    outer loop
      vertex 2.876381e+00 -1.425169e+00 8.368421e+00
      vertex 3.158657e+00 -1.517187e+00 8.368421e+00
      vertex 3.284973e+00 -1.219802e+00 1.155263e+01
    endloop
  endfacet
  facet normal -2.201312e-01 -9.712270e-01 9.088633e-02
    outer loop
      vertex 2.876381e+00 -1.425169e+00 8.368421e+00
      vertex 3.284973e+00 -1.219802e+00 1.155263e+01
      vertex 2.995422e+00 -1.154175e+00 1.155263e+01
    endloop
  endfacet
  facet normal -3.038177e-01 -9.468380e-01 1.057953e-01
    outer loop
      vertex 3.158657e+00 -1.517187e+00 8.368421e+00
      vertex 3.334580e+00 -1.573637e+00 8.368421e+00
      vertex 3.465348e+00 -1.259808e+00 1.155263e+01
    endloop
  endfacet
  facet normal -2.154610e-01 -9.714531e-01 9.927471e-02
    outer loop
      vertex 3.158657e+00 -1.517187e+00 8.368421e+00
      vertex 3.465348e+00 -1.259808e+00 1.155263e+01
      vertex 3.284973e+00 -1.219802e+00 1.155263e+01
    endloop
  endfacet
  facet normal -3.012034e-01 -9.474748e-01 1.075544e-01
    outer loop
      vertex 3.334580e+00 -1.573637e+00 8.368421e+00
      vertex 3.394353e+00 -1.592638e+00 8.368421e+00
      vertex 3.526617e+00 -1.273224e+00 1.155263e+01
    endloop
  endfacet
  facet normal -2.127236e-01 -9.715098e-01 1.044858e-01
    outer loop
      vertex 3.334580e+00 -1.573637e+00 8.368421e+00
      vertex 3.526617e+00 -1.273224e+00 1.155263e+01
      vertex 3.465348e+00 -1.259808e+00 1.155263e+01
    endloop
  endfacet
  facet normal 5.645501e-01 8.166848e-01 -1.196209e-01
    outer loop
      vertex 3.533743e+00 -1.256858e+00 1.155263e+01
      vertex 3.495770e+00 -1.230608e+00 1.155263e+01
      vertex 3.609017e+00 -8.424972e-01 1.473684e+01
    endloop
  endfacet
  facet normal 4.719315e-01 8.727676e-01 -1.247294e-01
    outer loop
      vertex 3.533743e+00 -1.256858e+00 1.155263e+01
      vertex 3.609017e+00 -8.424972e-01 1.473684e+01
      vertex 3.649623e+00 -8.644541e-01 1.473684e+01
    endloop
  endfacet
  facet normal 5.590374e-01 8.212307e-01 -1.142686e-01
    outer loop
      vertex 3.495770e+00 -1.230608e+00 1.155263e+01
      vertex 3.356872e+00 -1.136056e+00 1.155263e+01
      vertex 3.460646e+00 -7.636372e-01 1.473684e+01
    endloop
  endfacet
  facet normal 4.657443e-01 8.762773e-01 -1.233704e-01
    outer loop
      vertex 3.495770e+00 -1.230608e+00 1.155263e+01
      vertex 3.460646e+00 -7.636372e-01 1.473684e+01
      vertex 3.609017e+00 -8.424972e-01 1.473684e+01
    endloop
  endfacet
  facet normal 5.476136e-01 8.300770e-01 -1.053168e-01
    outer loop
      vertex 3.356872e+00 -1.136056e+00 1.155263e+01
      vertex 3.120969e+00 -9.804276e-01 1.155263e+01
      vertex 3.209195e+00 -6.346316e-01 1.473684e+01
    endloop
  endfacet
  facet normal 4.532798e-01 8.835091e-01 -1.181058e-01
    outer loop
      vertex 3.356872e+00 -1.136056e+00 1.155263e+01
      vertex 3.209195e+00 -6.346316e-01 1.473684e+01
      vertex 3.460646e+00 -7.636372e-01 1.473684e+01
    endloop
  endfacet
  facet normal 5.312815e-01 8.420619e-01 -9.312198e-02
    outer loop
      vertex 3.120969e+00 -9.804276e-01 1.155263e+01
      vertex 2.797084e+00 -7.760788e-01 1.155263e+01
      vertex 2.864977e+00 -4.667790e-01 1.473684e+01
    endloop
  endfacet
  facet normal 4.356840e-01 8.934634e-01 -1.090991e-01
    outer loop
      vertex 3.120969e+00 -9.804276e-01 1.155263e+01
      vertex 2.864977e+00 -4.667790e-01 1.473684e+01
      vertex 3.209195e+00 -6.346316e-01 1.473684e+01
    endloop
  endfacet
  facet normal 5.108384e-01 8.561109e-01 -7.821907e-02
    outer loop
      vertex 2.797084e+00 -7.760788e-01 1.155263e+01
      vertex 2.398442e+00 -5.382105e-01 1.155263e+01
      vertex 2.442797e+00 -2.737495e-01 1.473684e+01
    endloop
  endfacet
  facet normal 4.138672e-01 9.051814e-01 -9.674964e-02
    outer loop
      vertex 2.797084e+00 -7.760788e-01 1.155263e+01
      vertex 2.442797e+00 -2.737495e-01 1.473684e+01
      vertex 2.864977e+00 -4.667790e-01 1.473684e+01
    endloop
  endfacet
  facet normal 4.881278e-01 8.704303e-01 -6.389338e-02
    outer loop
      vertex 2.398442e+00 -5.382105e-01 1.155263e+01
      vertex 2.010135e+00 -3.204520e-01 1.155263e+01
      vertex 2.033080e+00 -9.958450e-02 1.473684e+01
    endloop
  endfacet
  facet normal 3.899031e-01 9.172324e-01 -8.161087e-02
    outer loop
      vertex 2.398442e+00 -5.382105e-01 1.155263e+01
      vertex 2.033080e+00 -9.958450e-02 1.473684e+01
      vertex 2.442797e+00 -2.737495e-01 1.473684e+01
    endloop
  endfacet
  facet normal 4.604055e-01 8.865185e-01 -4.595402e-02
    outer loop
      vertex 2.010135e+00 -3.204520e-01 1.155263e+01
      vertex 1.520463e+00 -6.614520e-02 1.155263e+01
      vertex 1.518620e+00 9.986992e-02 1.473684e+01
    endloop
  endfacet
  facet normal 3.606655e-01 9.302766e-01 -6.712604e-02
    outer loop
      vertex 2.010135e+00 -3.204520e-01 1.155263e+01
      vertex 1.518620e+00 9.986992e-02 1.473684e+01
      vertex 2.033080e+00 -9.958450e-02 1.473684e+01
    endloop
  endfacet
  facet normal 4.225407e-01 9.059169e-01 -2.781948e-02
    outer loop
      vertex 1.520463e+00 -6.614520e-02 1.155263e+01
      vertex 1.012469e+00 1.707947e-01 1.155263e+01
      vertex 9.878402e-01 2.800650e-01 1.473684e+01
    endloop
  endfacet
  facet normal 3.210826e-01 9.457763e-01 -4.912415e-02
    outer loop
      vertex 1.520463e+00 -6.614520e-02 1.155263e+01
      vertex 9.878402e-01 2.800650e-01 1.473684e+01
      vertex 1.518620e+00 9.986992e-02 1.473684e+01
    endloop
  endfacet
  facet normal 3.683748e-01 9.296196e-01 -1.036312e-02
    outer loop
      vertex 1.012469e+00 1.707947e-01 1.155263e+01
      vertex 5.045532e-01 3.720636e-01 1.155263e+01
      vertex 4.610226e-01 4.248098e-01 1.473684e+01
    endloop
  endfacet
  facet normal 2.648076e-01 9.638020e-01 -3.102591e-02
    outer loop
      vertex 1.012469e+00 1.707947e-01 1.155263e+01
      vertex 4.610226e-01 4.248098e-01 1.473684e+01
      vertex 9.878402e-01 2.800650e-01 1.473684e+01
    endloop
  endfacet
  facet normal 2.883478e-01 9.575111e-01 5.296296e-03
    outer loop
      vertex 5.045532e-01 3.720636e-01 1.155263e+01
      vertex 2.267687e-02 5.171773e-01 1.155263e+01
      vertex -3.379335e-02 5.165700e-01 1.473684e+01
    endloop
  endfacet
  facet normal 1.823171e-01 9.831430e-01 -1.379328e-02
    outer loop
      vertex 5.045532e-01 3.720636e-01 1.155263e+01
      vertex -3.379335e-02 5.165700e-01 1.473684e+01
      vertex 4.610226e-01 4.248098e-01 1.473684e+01
    endloop
  endfacet
  facet normal 1.848271e-01 9.825993e-01 1.837076e-02
    outer loop
      vertex 2.267687e-02 5.171773e-01 1.155263e+01
      vertex -4.056074e-01 5.977376e-01 1.155263e+01
      vertex -4.683045e-01 5.499987e-01 1.473684e+01
    endloop
  endfacet
  facet normal 7.670715e-02 9.970525e-01 1.550506e-03
    outer loop
      vertex 2.267687e-02 5.171773e-01 1.155263e+01
      vertex -4.683045e-01 5.499987e-01 1.473684e+01
      vertex -3.379335e-02 5.165700e-01 1.473684e+01
    endloop
  endfacet
  facet normal 5.652802e-02 9.980477e-01 2.655905e-02
    outer loop
      vertex -4.056074e-01 5.977376e-01 1.155263e+01
      vertex -7.116624e-01 6.150721e-01 1.155263e+01
      vertex -7.744266e-01 5.338920e-01 1.473684e+01
    endloop
  endfacet
  facet normal -5.253750e-02 9.985217e-01 1.393577e-02
    outer loop
      vertex -4.056074e-01 5.977376e-01 1.155263e+01
      vertex -7.744266e-01 5.338920e-01 1.473684e+01
      vertex -4.683045e-01 5.499987e-01 1.473684e+01
    endloop
  endfacet
  facet normal -1.305943e-01 9.909216e-01 3.193094e-02
    outer loop
      vertex -7.116624e-01 6.150721e-01 1.155263e+01
      vertex -9.796450e-01 5.797545e-01 1.155263e+01
      vertex -1.036967e+00 4.695936e-01 1.473684e+01
    endloop
  endfacet
  facet normal -2.378301e-01 9.710994e-01 2.006991e-02
    outer loop
      vertex -7.116624e-01 6.150721e-01 1.155263e+01
      vertex -1.036967e+00 4.695936e-01 1.473684e+01
      vertex -7.744266e-01 5.338920e-01 1.473684e+01
    endloop
  endfacet
  facet normal -4.827915e-01 8.752945e-01 2.778250e-02
    outer loop
      vertex -9.796450e-01 5.797545e-01 1.155263e+01
      vertex -1.138202e+00 4.922980e-01 1.155263e+01
      vertex -1.185055e+00 3.653861e-01 1.473684e+01
    endloop
  endfacet
  facet normal -5.753928e-01 8.176807e-01 1.793020e-02
    outer loop
      vertex -9.796450e-01 5.797545e-01 1.155263e+01
      vertex -1.185055e+00 3.653861e-01 1.473684e+01
      vertex -1.036967e+00 4.695936e-01 1.473684e+01
    endloop
  endfacet
  facet normal -9.523923e-01 3.048622e-01 2.822423e-03
    outer loop
      vertex -1.138202e+00 4.922980e-01 1.155263e+01
      vertex -1.179956e+00 3.618604e-01 1.155263e+01
      vertex -1.212351e+00 2.311766e-01 1.473684e+01
    endloop
  endfacet
  facet normal -9.799167e-01 1.993022e-01 -6.474978e-03
    outer loop
      vertex -1.138202e+00 4.922980e-01 1.155263e+01
      vertex -1.212351e+00 2.311766e-01 1.473684e+01
      vertex -1.185055e+00 3.653861e-01 1.473684e+01
    endloop
  endfacet
  facet normal -8.850526e-01 -4.649574e-01 -2.228374e-02
    outer loop
      vertex -1.179956e+00 3.618604e-01 1.155263e+01
      vertex -1.101043e+00 2.116489e-01 1.155263e+01
      vertex -1.117546e+00 9.045472e-02 1.473684e+01
    endloop
  endfacet
  facet normal -8.289373e-01 -5.584621e-01 -3.135344e-02
    outer loop
      vertex -1.179956e+00 3.618604e-01 1.155263e+01
      vertex -1.117546e+00 9.045472e-02 1.473684e+01
      vertex -1.212351e+00 2.311766e-01 1.473684e+01
    endloop
  endfacet
  facet normal -6.370506e-01 -7.704479e-01 -2.401453e-02
    outer loop
      vertex -1.101043e+00 2.116489e-01 1.155263e+01
      vertex -9.069921e-01 5.119654e-02 1.155263e+01
      vertex -9.071719e-01 -4.790527e-02 1.473684e+01
    endloop
  endfacet
  facet normal -5.491652e-01 -8.349962e-01 -3.462696e-02
    outer loop
      vertex -1.101043e+00 2.116489e-01 1.155263e+01
      vertex -9.071719e-01 -4.790527e-02 1.473684e+01
      vertex -1.117546e+00 9.045472e-02 1.473684e+01
    endloop
  endfacet
  facet normal -4.905665e-01 -8.712311e-01 -1.734348e-02
    outer loop
      vertex -9.069921e-01 5.119654e-02 1.155263e+01
      vertex -6.573451e-01 -8.937284e-02 1.155263e+01
      vertex -6.436984e-01 -1.604446e-01 1.473684e+01
    endloop
  endfacet
  facet normal -3.926437e-01 -9.192449e-01 -2.863172e-02
    outer loop
      vertex -9.069921e-01 5.119654e-02 1.155263e+01
      vertex -6.436984e-01 -1.604446e-01 1.473684e+01
      vertex -9.071719e-01 -4.790527e-02 1.473684e+01
    endloop
  endfacet
  facet normal -3.975342e-01 -9.175748e-01 -4.790638e-03
    outer loop
      vertex -6.573451e-01 -8.937284e-02 1.155263e+01
      vertex -2.821958e-01 -2.519042e-01 1.155263e+01
      vertex -2.530771e-01 -2.811444e-01 1.473684e+01
    endloop
  endfacet
  facet normal -2.951628e-01 -9.552365e-01 -2.005593e-02
    outer loop
      vertex -6.573451e-01 -8.937284e-02 1.155263e+01
      vertex -2.530771e-01 -2.811444e-01 1.473684e+01
      vertex -6.436984e-01 -1.604446e-01 1.473684e+01
    endloop
  endfacet
  facet normal -3.333962e-01 -9.427269e-01 1.063043e-02
    outer loop
      vertex -2.821958e-01 -2.519042e-01 1.155263e+01
      vertex 1.653558e-01 -4.101812e-01 1.155263e+01
      vertex 2.090522e-01 -3.897285e-01 1.473684e+01
    endloop
  endfacet
  facet normal -2.287302e-01 -9.734658e-01 -6.847542e-03
    outer loop
      vertex -2.821958e-01 -2.519042e-01 1.155263e+01
      vertex 2.090522e-01 -3.897285e-01 1.473684e+01
      vertex -2.530771e-01 -2.811444e-01 1.473684e+01
    endloop
  endfacet
  facet normal -2.955448e-01 -9.549175e-01 2.803085e-02
    outer loop
      vertex 1.653558e-01 -4.101812e-01 1.155263e+01
      vertex 6.637816e-01 -5.644429e-01 1.155263e+01
      vertex 7.213157e-01 -4.887796e-01 1.473684e+01
    endloop
  endfacet
  facet normal -1.898357e-01 -9.817754e-01 8.911183e-03
    outer loop
      vertex 1.653558e-01 -4.101812e-01 1.155263e+01
      vertex 7.213157e-01 -4.887796e-01 1.473684e+01
      vertex 2.090522e-01 -3.897285e-01 1.473684e+01
    endloop
  endfacet
  facet normal -2.689664e-01 -9.620256e-01 4.651647e-02
    outer loop
      vertex 6.637816e-01 -5.644429e-01 1.155263e+01
      vertex 1.193537e+00 -7.125538e-01 1.155263e+01
      vertex 1.264053e+00 -5.783037e-01 1.473684e+01
    endloop
  endfacet
  facet normal -1.626936e-01 -9.863240e-01 2.637670e-02
    outer loop
      vertex 6.637816e-01 -5.644429e-01 1.155263e+01
      vertex 1.264053e+00 -5.783037e-01 1.473684e+01
      vertex 7.213157e-01 -4.887796e-01 1.473684e+01
    endloop
  endfacet
  facet normal -2.495092e-01 -9.661937e-01 6.492248e-02
    outer loop
      vertex 1.193537e+00 -7.125538e-01 1.155263e+01
      vertex 1.722832e+00 -8.492386e-01 1.155263e+01
      vertex 1.805087e+00 -6.565200e-01 1.473684e+01
    endloop
  endfacet
  facet normal -1.429365e-01 -9.887151e-01 4.485076e-02
    outer loop
      vertex 1.193537e+00 -7.125538e-01 1.155263e+01
      vertex 1.805087e+00 -6.565200e-01 1.473684e+01
      vertex 1.264053e+00 -5.783037e-01 1.473684e+01
    endloop
  endfacet
  facet normal -2.386251e-01 -9.678168e-01 7.992885e-02
    outer loop
      vertex 1.722832e+00 -8.492386e-01 1.155263e+01
      vertex 2.155321e+00 -9.558732e-01 1.155263e+01
      vertex 2.246618e+00 -7.154097e-01 1.473684e+01
    endloop
  endfacet
  facet normal -1.319405e-01 -9.892357e-01 6.328002e-02
    outer loop
      vertex 1.722832e+00 -8.492386e-01 1.155263e+01
      vertex 2.246618e+00 -7.154097e-01 1.473684e+01
      vertex 1.805087e+00 -6.565200e-01 1.473684e+01
    endloop
  endfacet
  facet normal -2.313951e-01 -9.681373e-01 9.574157e-02
    outer loop
      vertex 2.155321e+00 -9.558732e-01 1.155263e+01
      vertex 2.612203e+00 -1.065073e+00 1.155263e+01
      vertex 2.712676e+00 -7.741921e-01 1.473684e+01
    endloop
  endfacet
  facet normal -1.247516e-01 -9.890959e-01 7.827085e-02
    outer loop
      vertex 2.155321e+00 -9.558732e-01 1.155263e+01
      vertex 2.712676e+00 -7.741921e-01 1.473684e+01
      vertex 2.246618e+00 -7.154097e-01 1.473684e+01
    endloop
  endfacet
  facet normal -2.251209e-01 -9.682225e-01 1.089305e-01
    outer loop
      vertex 2.612203e+00 -1.065073e+00 1.155263e+01
      vertex 2.995422e+00 -1.154175e+00 1.155263e+01
      vertex 3.103320e+00 -8.210205e-01 1.473684e+01
    endloop
  endfacet
  facet normal -1.184953e-01 -9.884916e-01 9.403857e-02
    outer loop
      vertex 2.612203e+00 -1.065073e+00 1.155263e+01
      vertex 3.103320e+00 -8.210205e-01 1.473684e+01
      vertex 2.712676e+00 -7.741921e-01 1.473684e+01
    endloop
  endfacet
  facet normal -2.194796e-01 -9.683524e-01 1.188374e-01
    outer loop
      vertex 2.995422e+00 -1.154175e+00 1.155263e+01
      vertex 3.284973e+00 -1.219802e+00 1.155263e+01
      vertex 3.398298e+00 -8.547173e-01 1.473684e+01
    endloop
  endfacet
  facet normal -1.128431e-01 -9.878157e-01 1.071759e-01
    outer loop
      vertex 2.995422e+00 -1.154175e+00 1.155263e+01
      vertex 3.398298e+00 -8.547173e-01 1.473684e+01
      vertex 3.103320e+00 -8.210205e-01 1.473684e+01
    endloop
  endfacet
  facet normal -2.148331e-01 -9.686219e-01 1.249738e-01
    outer loop
      vertex 3.284973e+00 -1.219802e+00 1.155263e+01
      vertex 3.465348e+00 -1.259808e+00 1.155263e+01
      vertex 3.581957e+00 -8.748371e-01 1.473684e+01
    endloop
  endfacet
  facet normal -1.081497e-01 -9.872212e-01 1.170387e-01
    outer loop
      vertex 3.284973e+00 -1.219802e+00 1.155263e+01
      vertex 3.581957e+00 -8.748371e-01 1.473684e+01
      vertex 3.398298e+00 -8.547173e-01 1.473684e+01
    endloop
  endfacet
  facet normal -2.121613e-01 -9.689415e-01 1.270428e-01
    outer loop
      vertex 3.465348e+00 -1.259808e+00 1.155263e+01
      vertex 3.526617e+00 -1.273224e+00 1.155263e+01
      vertex 3.644323e+00 -8.814989e-01 1.473684e+01
    endloop
  endfacet
  facet normal -1.054056e-01 -9.867730e-01 1.231609e-01
    outer loop
      vertex 3.465348e+00 -1.259808e+00 1.155263e+01
      vertex 3.644323e+00 -8.814989e-01 1.473684e+01
      vertex 3.581957e+00 -8.748371e-01 1.473684e+01
    endloop
  endfacet
  facet normal 4.735440e-01 8.757495e-01 -9.390878e-02
    outer loop
      vertex 3.649623e+00 -8.644541e-01 1.473684e+01
      vertex 3.609017e+00 -8.424972e-01 1.473684e+01
      vertex 3.667565e+00 -5.327049e-01 1.792105e+01
    endloop
  endfacet
  facet normal 3.972668e-01 9.125293e-01 -9.731092e-02
    outer loop
      vertex 3.649623e+00 -8.644541e-01 1.473684e+01
      vertex 3.667565e+00 -5.327049e-01 1.792105e+01
      vertex 3.709890e+00 -5.511312e-01 1.792105e+01
    endloop
  endfacet
  facet normal 4.674381e-01 8.794641e-01 -8.969097e-02
    outer loop
      vertex 3.609017e+00 -8.424972e-01 1.473684e+01
      vertex 3.460646e+00 -7.636372e-01 1.473684e+01
      vertex 3.513028e+00 -4.667409e-01 1.792105e+01
    endloop
  endfacet
  facet normal 3.907574e-01 9.154479e-01 -9.624885e-02
    outer loop
      vertex 3.609017e+00 -8.424972e-01 1.473684e+01
      vertex 3.513028e+00 -4.667409e-01 1.792105e+01
      vertex 3.667565e+00 -5.327049e-01 1.792105e+01
    endloop
  endfacet
  facet normal 4.549133e-01 8.866929e-01 -8.264118e-02
    outer loop
      vertex 3.460646e+00 -7.636372e-01 1.473684e+01
      vertex 3.209195e+00 -6.346316e-01 1.473684e+01
      vertex 3.251522e+00 -3.595738e-01 1.792105e+01
    endloop
  endfacet
  facet normal 3.775885e-01 9.213797e-01 -9.212111e-02
    outer loop
      vertex 3.460646e+00 -7.636372e-01 1.473684e+01
      vertex 3.251522e+00 -3.595738e-01 1.792105e+01
      vertex 3.513028e+00 -4.667409e-01 1.792105e+01
    endloop
  endfacet
  facet normal 4.371292e-01 8.964272e-01 -7.305083e-02
    outer loop
      vertex 3.209195e+00 -6.346316e-01 1.473684e+01
      vertex 2.864977e+00 -4.667790e-01 1.473684e+01
      vertex 2.894283e+00 -2.215850e-01 1.792105e+01
    endloop
  endfacet
  facet normal 3.590136e-01 9.294483e-01 -8.505968e-02
    outer loop
      vertex 3.209195e+00 -6.346316e-01 1.473684e+01
      vertex 2.894283e+00 -2.215850e-01 1.792105e+01
      vertex 3.251522e+00 -3.595738e-01 1.792105e+01
    endloop
  endfacet
  facet normal 4.150347e-01 9.077347e-01 -6.135057e-02
    outer loop
      vertex 2.864977e+00 -4.667790e-01 1.473684e+01
      vertex 2.442797e+00 -2.737495e-01 1.473684e+01
      vertex 2.457224e+00 -6.513669e-02 1.792105e+01
    endloop
  endfacet
  facet normal 3.360570e-01 9.388199e-01 -7.538497e-02
    outer loop
      vertex 2.864977e+00 -4.667790e-01 1.473684e+01
      vertex 2.457224e+00 -6.513669e-02 1.792105e+01
      vertex 2.894283e+00 -2.215850e-01 1.792105e+01
    endloop
  endfacet
  facet normal 3.907164e-01 9.191457e-01 -5.011957e-02
    outer loop
      vertex 2.442797e+00 -2.737495e-01 1.473684e+01
      vertex 2.033080e+00 -9.958450e-02 1.473684e+01
      vertex 2.034187e+00 7.357480e-02 1.792105e+01
    endloop
  endfacet
  facet normal 3.109430e-01 9.483024e-01 -6.353671e-02
    outer loop
      vertex 2.442797e+00 -2.737495e-01 1.473684e+01
      vertex 2.034187e+00 7.357480e-02 1.792105e+01
      vertex 2.457224e+00 -6.513669e-02 1.792105e+01
    endloop
  endfacet
  facet normal 3.612454e-01 9.317726e-01 -3.607758e-02
    outer loop
      vertex 2.033080e+00 -9.958450e-02 1.473684e+01
      vertex 1.518620e+00 9.986992e-02 1.473684e+01
      vertex 1.504637e+00 2.285817e-01 1.792105e+01
    endloop
  endfacet
  facet normal 2.805431e-01 9.584200e-01 -5.221702e-02
    outer loop
      vertex 2.033080e+00 -9.958450e-02 1.473684e+01
      vertex 1.504637e+00 2.285817e-01 1.792105e+01
      vertex 2.034187e+00 7.357480e-02 1.792105e+01
    endloop
  endfacet
  facet normal 3.213937e-01 9.466925e-01 -2.189738e-02
    outer loop
      vertex 1.518620e+00 9.986992e-02 1.473684e+01
      vertex 9.878402e-01 2.800650e-01 1.473684e+01
      vertex 9.604619e-01 3.630118e-01 1.792105e+01
    endloop
  endfacet
  facet normal 2.396506e-01 9.701089e-01 -3.816119e-02
    outer loop
      vertex 1.518620e+00 9.986992e-02 1.473684e+01
      vertex 9.604619e-01 3.630118e-01 1.792105e+01
      vertex 1.504637e+00 2.285817e-01 1.792105e+01
    endloop
  endfacet
  facet normal 2.649261e-01 9.642334e-01 -8.257279e-03
    outer loop
      vertex 9.878402e-01 2.800650e-01 1.473684e+01
      vertex 4.610226e-01 4.248098e-01 1.473684e+01
      vertex 4.232482e-01 4.624566e-01 1.792105e+01
    endloop
  endfacet
  facet normal 1.819673e-01 9.830106e-01 -2.404225e-02
    outer loop
      vertex 9.878402e-01 2.800650e-01 1.473684e+01
      vertex 4.232482e-01 4.624566e-01 1.792105e+01
      vertex 9.604619e-01 3.630118e-01 1.792105e+01
    endloop
  endfacet
  facet normal 1.823330e-01 9.832288e-01 3.971153e-03
    outer loop
      vertex 4.610226e-01 4.248098e-01 1.473684e+01
      vertex -3.379335e-02 5.165700e-01 1.473684e+01
      vertex -7.757626e-02 5.118286e-01 1.792105e+01
    endloop
  endfacet
  facet normal 9.810028e-02 9.951201e-01 -1.060151e-02
    outer loop
      vertex 4.610226e-01 4.248098e-01 1.473684e+01
      vertex -7.757626e-02 5.118286e-01 1.792105e+01
      vertex 4.232482e-01 4.624566e-01 1.792105e+01
    endloop
  endfacet
  facet normal 7.669955e-02 9.969536e-01 1.417030e-02
    outer loop
      vertex -3.379335e-02 5.165700e-01 1.473684e+01
      vertex -4.683045e-01 5.499987e-01 1.473684e+01
      vertex -5.133563e-01 5.082056e-01 1.792105e+01
    endloop
  endfacet
  facet normal -8.313575e-03 9.999645e-01 1.374681e-03
    outer loop
      vertex -3.379335e-02 5.165700e-01 1.473684e+01
      vertex -5.133563e-01 5.082056e-01 1.792105e+01
      vertex -7.757626e-02 5.118286e-01 1.792105e+01
    endloop
  endfacet
  facet normal -5.253151e-02 9.984080e-01 2.054162e-02
    outer loop
      vertex -4.683045e-01 5.499987e-01 1.473684e+01
      vertex -7.744266e-01 5.338920e-01 1.473684e+01
      vertex -8.170018e-01 4.661387e-01 1.792105e+01
    endloop
  endfacet
  facet normal -1.372204e-01 9.904788e-01 1.105867e-02
    outer loop
      vertex -4.683045e-01 5.499987e-01 1.473684e+01
      vertex -8.170018e-01 4.661387e-01 1.792105e+01
      vertex -5.133563e-01 5.082056e-01 1.792105e+01
    endloop
  endfacet
  facet normal -2.378055e-01 9.709988e-01 2.469388e-02
    outer loop
      vertex -7.744266e-01 5.338920e-01 1.473684e+01
      vertex -1.036967e+00 4.695936e-01 1.473684e+01
      vertex -1.073128e+00 3.797587e-01 1.792105e+01
    endloop
  endfacet
  facet normal -3.195309e-01 9.474427e-01 1.588722e-02
    outer loop
      vertex -7.744266e-01 5.338920e-01 1.473684e+01
      vertex -1.073128e+00 3.797587e-01 1.792105e+01
      vertex -8.170018e-01 4.661387e-01 1.792105e+01
    endloop
  endfacet
  facet normal -5.753539e-01 8.176254e-01 2.136584e-02
    outer loop
      vertex -1.036967e+00 4.695936e-01 1.473684e+01
      vertex -1.185055e+00 3.653861e-01 1.473684e+01
      vertex -1.211822e+00 2.633418e-01 1.792105e+01
    endloop
  endfacet
  facet normal -6.428460e-01 7.658619e-01 1.430674e-02
    outer loop
      vertex -1.036967e+00 4.695936e-01 1.473684e+01
      vertex -1.211822e+00 2.633418e-01 1.792105e+01
      vertex -1.073128e+00 3.797587e-01 1.792105e+01
    endloop
  endfacet
  facet normal -9.799356e-01 1.993060e-01 1.805229e-03
    outer loop
      vertex -1.185055e+00 3.653861e-01 1.473684e+01
      vertex -1.212351e+00 2.311766e-01 1.473684e+01
      vertex -1.227613e+00 1.272978e-01 1.792105e+01
    endloop
  endfacet
  facet normal -9.933203e-01 1.152954e-01 -4.655262e-03
    outer loop
      vertex -1.185055e+00 3.653861e-01 1.473684e+01
      vertex -1.227613e+00 1.272978e-01 1.792105e+01
      vertex -1.211822e+00 2.633418e-01 1.792105e+01
    endloop
  endfacet
  facet normal -8.292156e-01 -5.586495e-01 -1.767084e-02
    outer loop
      vertex -1.212351e+00 2.311766e-01 1.473684e+01
      vertex -1.117546e+00 9.045472e-02 1.473684e+01
      vertex -1.121190e+00 -4.856926e-03 1.792105e+01
    endloop
  endfacet
  facet normal -7.786271e-01 -6.270206e-01 -2.418723e-02
    outer loop
      vertex -1.212351e+00 2.311766e-01 1.473684e+01
      vertex -1.121190e+00 -4.856926e-03 1.792105e+01
      vertex -1.227613e+00 1.272978e-01 1.792105e+01
    endloop
  endfacet
  facet normal -5.493964e-01 -8.353478e-01 -1.891312e-02
    outer loop
      vertex -1.117546e+00 9.045472e-02 1.473684e+01
      vertex -9.071719e-01 -4.790527e-02 1.473684e+01
      vertex -8.998176e-01 -1.248358e-01 1.792105e+01
    endloop
  endfacet
  facet normal -4.763225e-01 -8.788605e-01 -2.685170e-02
    outer loop
      vertex -1.117546e+00 9.045472e-02 1.473684e+01
      vertex -8.998176e-01 -1.248358e-01 1.792105e+01
      vertex -1.121190e+00 -4.856926e-03 1.792105e+01
    endloop
  endfacet
  facet normal -3.927681e-01 -9.195361e-01 -1.366219e-02
    outer loop
      vertex -9.071719e-01 -4.790527e-02 1.473684e+01
      vertex -6.436984e-01 -1.604446e-01 1.473684e+01
      vertex -6.277324e-01 -2.145743e-01 1.792105e+01
    endloop
  endfacet
  facet normal -3.131440e-01 -9.494458e-01 -2.221537e-02
    outer loop
      vertex -9.071719e-01 -4.790527e-02 1.473684e+01
      vertex -6.277324e-01 -2.145743e-01 1.792105e+01
      vertex -8.998176e-01 -1.248358e-01 1.792105e+01
    endloop
  endfacet
  facet normal -2.952200e-01 -9.554216e-01 -3.848466e-03
    outer loop
      vertex -6.436984e-01 -1.604446e-01 1.473684e+01
      vertex -2.530771e-01 -2.811444e-01 1.473684e+01
      vertex -2.282659e-01 -3.016370e-01 1.792105e+01
    endloop
  endfacet
  facet normal -2.129228e-01 -9.769454e-01 -1.553989e-02
    outer loop
      vertex -6.436984e-01 -1.604446e-01 1.473684e+01
      vertex -2.282659e-01 -3.016370e-01 1.792105e+01
      vertex -6.277324e-01 -2.145743e-01 1.792105e+01
    endloop
  endfacet
  facet normal -2.287279e-01 -9.734560e-01 8.188137e-03
    outer loop
      vertex -2.530771e-01 -2.811444e-01 1.473684e+01
      vertex 2.090522e-01 -3.897285e-01 1.473684e+01
      vertex 2.414202e-01 -3.705502e-01 1.792105e+01
    endloop
  endfacet
  facet normal -1.451655e-01 -9.893935e-01 -5.236319e-03
    outer loop
      vertex -2.530771e-01 -2.811444e-01 1.473684e+01
      vertex 2.414202e-01 -3.705502e-01 1.792105e+01
      vertex -2.282659e-01 -3.016370e-01 1.792105e+01
    endloop
  endfacet
  facet normal -1.897982e-01 -9.815818e-01 2.176477e-02
    outer loop
      vertex 2.090522e-01 -3.897285e-01 1.473684e+01
      vertex 7.213157e-01 -4.887796e-01 1.473684e+01
      vertex 7.602487e-01 -4.257036e-01 1.792105e+01
    endloop
  endfacet
  facet normal -1.057056e-01 -9.943724e-01 7.063574e-03
    outer loop
      vertex 2.090522e-01 -3.897285e-01 1.473684e+01
      vertex 7.602487e-01 -4.257036e-01 1.792105e+01
      vertex 2.414202e-01 -3.705502e-01 1.792105e+01
    endloop
  endfacet
  facet normal -1.626436e-01 -9.860208e-01 3.619368e-02
    outer loop
      vertex 7.213157e-01 -4.887796e-01 1.473684e+01
      vertex 1.264053e+00 -5.783037e-01 1.473684e+01
      vertex 1.308631e+00 -4.687746e-01 1.792105e+01
    endloop
  endfacet
  facet normal -7.828406e-02 -9.967161e-01 2.070109e-02
    outer loop
      vertex 7.213157e-01 -4.887796e-01 1.473684e+01
      vertex 1.308631e+00 -4.687746e-01 1.792105e+01
      vertex 7.602487e-01 -4.257036e-01 1.792105e+01
    endloop
  endfacet
  facet normal -1.428974e-01 -9.884446e-01 5.057349e-02
    outer loop
      vertex 1.264053e+00 -5.783037e-01 1.473684e+01
      vertex 1.805087e+00 -6.565200e-01 1.473684e+01
      vertex 1.854355e+00 -5.007233e-01 1.792105e+01
    endloop
  endfacet
  facet normal -5.840746e-02 -9.976743e-01 3.513525e-02
    outer loop
      vertex 1.264053e+00 -5.783037e-01 1.473684e+01
      vertex 1.854355e+00 -5.007233e-01 1.792105e+01
      vertex 1.308631e+00 -4.687746e-01 1.792105e+01
    endloop
  endfacet
  facet normal -1.319485e-01 -9.892961e-01 6.231245e-02
    outer loop
      vertex 1.805087e+00 -6.565200e-01 1.473684e+01
      vertex 2.246618e+00 -7.154097e-01 1.473684e+01
      vertex 2.299294e+00 -5.218726e-01 1.792105e+01
    endloop
  endfacet
  facet normal -4.742111e-02 -9.976454e-01 4.954639e-02
    outer loop
      vertex 1.805087e+00 -6.565200e-01 1.473684e+01
      vertex 2.299294e+00 -5.218726e-01 1.792105e+01
      vertex 1.854355e+00 -5.007233e-01 1.792105e+01
    endloop
  endfacet
  facet normal -1.247858e-01 -9.893675e-01 7.470194e-02
    outer loop
      vertex 2.246618e+00 -7.154097e-01 1.473684e+01
      vertex 2.712676e+00 -7.741921e-01 1.473684e+01
      vertex 2.768661e+00 -5.408303e-01 1.792105e+01
    endloop
  endfacet
  facet normal -4.028119e-02 -9.973073e-01 6.128294e-02
    outer loop
      vertex 2.246618e+00 -7.154097e-01 1.473684e+01
      vertex 2.768661e+00 -5.408303e-01 1.792105e+01
      vertex 2.299294e+00 -5.218726e-01 1.792105e+01
    endloop
  endfacet
  facet normal -1.185915e-01 -9.892939e-01 8.505141e-02
    outer loop
      vertex 2.712676e+00 -7.741921e-01 1.473684e+01
      vertex 3.103320e+00 -8.210205e-01 1.473684e+01
      vertex 3.161872e+00 -5.542870e-01 1.792105e+01
    endloop
  endfacet
  facet normal -3.410966e-02 -9.967010e-01 7.364510e-02
    outer loop
      vertex 2.712676e+00 -7.741921e-01 1.473684e+01
      vertex 3.161872e+00 -5.542870e-01 1.792105e+01
      vertex 2.768661e+00 -5.408303e-01 1.792105e+01
    endloop
  endfacet
  facet normal -1.130067e-01 -9.892477e-01 9.283544e-02
    outer loop
      vertex 3.103320e+00 -8.210205e-01 1.473684e+01
      vertex 3.398298e+00 -8.547173e-01 1.473684e+01
      vertex 3.458646e+00 -5.627906e-01 1.792105e+01
    endloop
  endfacet
  facet normal -2.854053e-02 -9.960601e-01 8.396232e-02
    outer loop
      vertex 3.103320e+00 -8.210205e-01 1.473684e+01
      vertex 3.458646e+00 -5.627906e-01 1.792105e+01
      vertex 3.161872e+00 -5.542870e-01 1.792105e+01
    endloop
  endfacet
  facet normal -1.083775e-01 -9.893011e-01 9.766063e-02
    outer loop
      vertex 3.398298e+00 -8.547173e-01 1.473684e+01
      vertex 3.581957e+00 -8.748371e-01 1.473684e+01
      vertex 3.643351e+00 -5.672277e-01 1.792105e+01
    endloop
  endfacet
  facet normal -2.391459e-02 -9.954976e-01 9.171991e-02
    outer loop
      vertex 3.398298e+00 -8.547173e-01 1.473684e+01
      vertex 3.643351e+00 -5.672277e-01 1.792105e+01
      vertex 3.458646e+00 -5.627906e-01 1.792105e+01
    endloop
  endfacet
  facet normal -1.056894e-01 -9.894300e-01 9.928713e-02
    outer loop
      vertex 3.581957e+00 -8.748371e-01 1.473684e+01
      vertex 3.644323e+00 -8.814989e-01 1.473684e+01
      vertex 3.706057e+00 -5.685648e-01 1.792105e+01
    endloop
  endfacet
  facet normal -2.121743e-02 -9.951029e-01 9.654058e-02
    outer loop
      vertex 3.581957e+00 -8.748371e-01 1.473684e+01
      vertex 3.706057e+00 -5.685648e-01 1.792105e+01
      vertex 3.643351e+00 -5.672277e-01 1.792105e+01
    endloop
  endfacet
  facet normal 3.990203e-01 9.165571e-01 -2.656676e-02
    outer loop
      vertex 3.709890e+00 -5.511312e-01 1.792105e+01
      vertex 3.667565e+00 -5.327049e-01 1.792105e+01
      vertex 3.391037e+00 -3.200239e-01 2.110526e+01
    endloop
  endfacet
  facet normal 3.525154e-01 9.352387e-01 -3.257946e-02
    outer loop
      vertex 3.709890e+00 -5.511312e-01 1.792105e+01
      vertex 3.391037e+00 -3.200239e-01 2.110526e+01
      vertex 3.430737e+00 -3.349878e-01 2.110526e+01
    endloop
  endfacet
  facet normal 3.924583e-01 9.194327e-01 -2.489858e-02
    outer loop
      vertex 3.667565e+00 -5.327049e-01 1.792105e+01
      vertex 3.513028e+00 -4.667409e-01 1.792105e+01
      vertex 3.246147e+00 -2.665939e-01 2.110526e+01
    endloop
  endfacet
  facet normal 3.458035e-01 9.377403e-01 -3.260316e-02
    outer loop
      vertex 3.667565e+00 -5.327049e-01 1.792105e+01
      vertex 3.246147e+00 -2.665939e-01 2.110526e+01
      vertex 3.391037e+00 -3.200239e-01 2.110526e+01
    endloop
  endfacet
  facet normal 3.791068e-01 9.250845e-01 -2.228529e-02
    outer loop
      vertex 3.513028e+00 -4.667409e-01 1.792105e+01
      vertex 3.251522e+00 -3.595738e-01 1.792105e+01
      vertex 3.001171e+00 -1.802707e-01 2.110526e+01
    endloop
  endfacet
  facet normal 3.321807e-01 9.426925e-01 -3.141269e-02
    outer loop
      vertex 3.513028e+00 -4.667409e-01 1.792105e+01
      vertex 3.001171e+00 -1.802707e-01 2.110526e+01
      vertex 3.246147e+00 -2.665939e-01 2.110526e+01
    endloop
  endfacet
  facet normal 3.602568e-01 9.326666e-01 -1.865486e-02
    outer loop
      vertex 3.251522e+00 -3.595738e-01 1.792105e+01
      vertex 2.894283e+00 -2.215850e-01 1.792105e+01
      vertex 2.666902e+00 -7.006594e-02 2.110526e+01
    endloop
  endfacet
  facet normal 3.129800e-01 9.493215e-01 -2.884912e-02
    outer loop
      vertex 3.251522e+00 -3.595738e-01 1.792105e+01
      vertex 2.666902e+00 -7.006594e-02 2.110526e+01
      vertex 3.001171e+00 -1.802707e-01 2.110526e+01
    endloop
  endfacet
  facet normal 3.369829e-01 9.414064e-01 -1.401748e-02
    outer loop
      vertex 2.894283e+00 -2.215850e-01 1.792105e+01
      vertex 2.457224e+00 -6.513669e-02 1.792105e+01
      vertex 2.258513e+00 5.340591e-02 2.110526e+01
    endloop
  endfacet
  facet normal 2.893120e-01 9.569116e-01 -2.487465e-02
    outer loop
      vertex 2.894283e+00 -2.215850e-01 1.792105e+01
      vertex 2.258513e+00 5.340591e-02 2.110526e+01
      vertex 2.666902e+00 -7.006594e-02 2.110526e+01
    endloop
  endfacet
  facet normal 3.115585e-01 9.501796e-01 -9.490239e-03
    outer loop
      vertex 2.457224e+00 -6.513669e-02 1.792105e+01
      vertex 2.034187e+00 7.357480e-02 1.792105e+01
      vertex 1.863813e+00 1.612429e-01 2.110526e+01
    endloop
  endfacet
  facet normal 2.635029e-01 9.644623e-01 -1.946133e-02
    outer loop
      vertex 2.457224e+00 -6.513669e-02 1.792105e+01
      vertex 1.863813e+00 1.612429e-01 2.110526e+01
      vertex 2.258513e+00 5.340591e-02 2.110526e+01
    endloop
  endfacet
  facet normal 2.809247e-01 9.597237e-01 -3.409602e-03
    outer loop
      vertex 2.034187e+00 7.357480e-02 1.792105e+01
      vertex 1.504637e+00 2.285817e-01 1.792105e+01
      vertex 1.370593e+00 2.791309e-01 2.110526e+01
    endloop
  endfacet
  facet normal 2.324448e-01 9.725039e-01 -1.433793e-02
    outer loop
      vertex 2.034187e+00 7.357480e-02 1.792105e+01
      vertex 1.370593e+00 2.791309e-01 2.110526e+01
      vertex 1.863813e+00 1.612429e-01 2.110526e+01
    endloop
  endfacet
  facet normal 2.398244e-01 9.708123e-01 2.793474e-03
    outer loop
      vertex 1.504637e+00 2.285817e-01 1.792105e+01
      vertex 9.604619e-01 3.630118e-01 1.792105e+01
      vertex 8.648957e-01 3.774575e-01 2.110526e+01
    endloop
  endfacet
  facet normal 1.908581e-01 9.815886e-01 -7.548202e-03
    outer loop
      vertex 1.504637e+00 2.285817e-01 1.792105e+01
      vertex 8.648957e-01 3.774575e-01 2.110526e+01
      vertex 1.370593e+00 2.791309e-01 2.110526e+01
    endloop
  endfacet
  facet normal 1.820127e-01 9.832559e-01 8.905621e-03
    outer loop
      vertex 9.604619e-01 3.630118e-01 1.792105e+01
      vertex 4.232482e-01 4.624566e-01 1.792105e+01
      vertex 3.672004e-01 4.439915e-01 2.110526e+01
    endloop
  endfacet
  facet normal 1.325053e-01 9.911822e-01 -5.198534e-04
    outer loop
      vertex 9.604619e-01 3.630118e-01 1.792105e+01
      vertex 3.672004e-01 4.439915e-01 2.110526e+01
      vertex 8.648957e-01 3.774575e-01 2.110526e+01
    endloop
  endfacet
  facet normal 9.809508e-02 9.950673e-01 1.477684e-02
    outer loop
      vertex 4.232482e-01 4.624566e-01 1.792105e+01
      vertex -7.757626e-02 5.118286e-01 1.792105e+01
      vertex -9.478621e-02 4.662393e-01 2.110526e+01
    endloop
  endfacet
  facet normal 4.810011e-02 9.988205e-01 6.638778e-03
    outer loop
      vertex 4.232482e-01 4.624566e-01 1.792105e+01
      vertex -9.478621e-02 4.662393e-01 2.110526e+01
      vertex 3.672004e-01 4.439915e-01 2.110526e+01
    endloop
  endfacet
  facet normal -8.311823e-03 9.997538e-01 2.057221e-02
    outer loop
      vertex -7.757626e-02 5.118286e-01 1.792105e+01
      vertex -5.133563e-01 5.082056e-01 1.792105e+01
      vertex -4.946265e-01 4.428389e-01 2.110526e+01
    endloop
  endfacet
  facet normal -5.841880e-02 9.981943e-01 1.397569e-02
    outer loop
      vertex -7.757626e-02 5.118286e-01 1.792105e+01
      vertex -4.946265e-01 4.428389e-01 2.110526e+01
      vertex -9.478621e-02 4.662393e-01 2.110526e+01
    endloop
  endfacet
  facet normal -1.371839e-01 9.902156e-01 2.556783e-02
    outer loop
      vertex -5.133563e-01 5.082056e-01 1.792105e+01
      vertex -8.170018e-01 4.661387e-01 1.792105e+01
      vertex -7.714081e-01 3.902374e-01 2.110526e+01
    endloop
  endfacet
  facet normal -1.866630e-01 9.821939e-01 2.126081e-02
    outer loop
      vertex -5.133563e-01 5.082056e-01 1.792105e+01
      vertex -7.714081e-01 3.902374e-01 2.110526e+01
      vertex -4.946265e-01 4.428389e-01 2.110526e+01
    endloop
  endfacet
  facet normal -3.194170e-01 9.471051e-01 3.105814e-02
    outer loop
      vertex -8.170018e-01 4.661387e-01 1.792105e+01
      vertex -1.073128e+00 3.797587e-01 1.792105e+01
      vertex -1.002530e+00 2.991494e-01 2.110526e+01
    endloop
  endfacet
  facet normal -3.665264e-01 9.300036e-01 2.741645e-02
    outer loop
      vertex -8.170018e-01 4.661387e-01 1.792105e+01
      vertex -1.002530e+00 2.991494e-01 2.110526e+01
      vertex -7.714081e-01 3.902374e-01 2.110526e+01
    endloop
  endfacet
  facet normal -6.424894e-01 7.654371e-01 3.624004e-02
    outer loop
      vertex -1.073128e+00 3.797587e-01 1.792105e+01
      vertex -1.211822e+00 2.633418e-01 1.792105e+01
      vertex -1.124476e+00 1.858999e-01 2.110526e+01
    endloop
  endfacet
  facet normal -6.801103e-01 7.323386e-01 3.361829e-02
    outer loop
      vertex -1.073128e+00 3.797587e-01 1.792105e+01
      vertex -1.124476e+00 1.858999e-01 2.110526e+01
      vertex -1.002530e+00 2.991494e-01 2.110526e+01
    endloop
  endfacet
  facet normal -9.928218e-01 1.152376e-01 3.201716e-02
    outer loop
      vertex -1.211822e+00 2.633418e-01 1.792105e+01
      vertex -1.227613e+00 1.272978e-01 1.792105e+01
      vertex -1.132703e+00 6.029629e-02 2.110526e+01
    endloop
  endfacet
  facet normal -9.974433e-01 6.533553e-02 2.894992e-02
    outer loop
      vertex -1.211822e+00 2.633418e-01 1.792105e+01
      vertex -1.132703e+00 6.029629e-02 2.110526e+01
      vertex -1.124476e+00 1.858999e-01 2.110526e+01
    endloop
  endfacet
  facet normal -7.787944e-01 -6.271553e-01 1.247108e-02
    outer loop
      vertex -1.227613e+00 1.272978e-01 1.792105e+01
      vertex -1.121190e+00 -4.856926e-03 1.792105e+01
      vertex -1.028929e+00 -5.610746e-02 2.110526e+01
    endloop
  endfacet
  facet normal -7.464132e-01 -6.654317e-01 8.245939e-03
    outer loop
      vertex -1.227613e+00 1.272978e-01 1.792105e+01
      vertex -1.028929e+00 -5.610746e-02 2.110526e+01
      vertex -1.132703e+00 6.029629e-02 2.110526e+01
    endloop
  endfacet
  facet normal -4.764917e-01 -8.791728e-01 3.298433e-03
    outer loop
      vertex -1.121190e+00 -4.856926e-03 1.792105e+01
      vertex -8.998176e-01 -1.248358e-01 1.792105e+01
      vertex -8.202016e-01 -1.560395e-01 2.110526e+01
    endloop
  endfacet
  facet normal -4.318274e-01 -9.019540e-01 -2.005103e-03
    outer loop
      vertex -1.121190e+00 -4.856926e-03 1.792105e+01
      vertex -8.202016e-01 -1.560395e-01 2.110526e+01
      vertex -1.028929e+00 -5.610746e-02 2.110526e+01
    endloop
  endfacet
  facet normal -3.132202e-01 -9.496768e-01 2.670039e-03
    outer loop
      vertex -8.998176e-01 -1.248358e-01 1.792105e+01
      vertex -6.277324e-01 -2.145743e-01 1.792105e+01
      vertex -5.663177e-01 -2.258775e-01 2.110526e+01
    endloop
  endfacet
  facet normal -2.652257e-01 -9.641823e-01 -2.816985e-03
    outer loop
      vertex -8.998176e-01 -1.248358e-01 1.792105e+01
      vertex -5.663177e-01 -2.258775e-01 2.110526e+01
      vertex -8.202016e-01 -1.560395e-01 2.110526e+01
    endloop
  endfacet
  facet normal -2.129440e-01 -9.770424e-01 6.553523e-03
    outer loop
      vertex -6.277324e-01 -2.145743e-01 1.792105e+01
      vertex -2.282659e-01 -3.016370e-01 1.792105e+01
      vertex -1.956324e-01 -2.873913e-01 2.110526e+01
    endloop
  endfacet
  facet normal -1.637074e-01 -9.865089e-01 -3.443994e-04
    outer loop
      vertex -6.277324e-01 -2.145743e-01 1.792105e+01
      vertex -1.956324e-01 -2.873913e-01 2.110526e+01
      vertex -5.663177e-01 -2.258775e-01 2.110526e+01
    endloop
  endfacet
  facet normal -1.451556e-01 -9.893263e-01 1.278095e-02
    outer loop
      vertex -2.282659e-01 -3.016370e-01 1.792105e+01
      vertex 2.414202e-01 -3.705502e-01 1.792105e+01
      vertex 2.386722e-01 -3.290107e-01 2.110526e+01
    endloop
  endfacet
  facet normal -9.539144e-02 -9.954250e-01 5.431022e-03
    outer loop
      vertex -2.282659e-01 -3.016370e-01 1.792105e+01
      vertex 2.386722e-01 -3.290107e-01 2.110526e+01
      vertex -1.956324e-01 -2.873913e-01 2.110526e+01
    endloop
  endfacet
  facet normal -1.056862e-01 -9.941897e-01 2.042515e-02
    outer loop
      vertex 2.414202e-01 -3.705502e-01 1.792105e+01
      vertex 7.602487e-01 -4.257036e-01 1.792105e+01
      vertex 7.174512e-01 -3.557360e-01 2.110526e+01
    endloop
  endfacet
  facet normal -5.572840e-02 -9.983616e-01 1.297600e-02
    outer loop
      vertex 2.414202e-01 -3.705502e-01 1.792105e+01
      vertex 7.174512e-01 -3.557360e-01 2.110526e+01
      vertex 2.386722e-01 -3.290107e-01 2.110526e+01
    endloop
  endfacet
  facet normal -7.826836e-02 -9.965163e-01 2.879944e-02
    outer loop
      vertex 7.602487e-01 -4.257036e-01 1.792105e+01
      vertex 1.308631e+00 -4.687746e-01 1.792105e+01
      vertex 1.222801e+00 -3.700094e-01 2.110526e+01
    endloop
  endfacet
  facet normal -2.822663e-02 -9.993686e-01 2.158004e-02
    outer loop
      vertex 7.602487e-01 -4.257036e-01 1.792105e+01
      vertex 1.222801e+00 -3.700094e-01 2.110526e+01
      vertex 7.174512e-01 -3.557360e-01 2.110526e+01
    endloop
  endfacet
  facet normal -5.840294e-02 -9.975971e-01 3.727153e-02
    outer loop
      vertex 1.308631e+00 -4.687746e-01 1.792105e+01
      vertex 1.854355e+00 -5.007233e-01 1.792105e+01
      vertex 1.725199e+00 -3.741958e-01 2.110526e+01
    endloop
  endfacet
  facet normal -8.328710e-03 -9.994916e-01 3.077693e-02
    outer loop
      vertex 1.308631e+00 -4.687746e-01 1.792105e+01
      vertex 1.725199e+00 -3.741958e-01 2.110526e+01
      vertex 1.222801e+00 -3.700094e-01 2.110526e+01
    endloop
  endfacet
  facet normal -4.743309e-02 -9.978975e-01 4.416639e-02
    outer loop
      vertex 1.854355e+00 -5.007233e-01 1.792105e+01
      vertex 2.299294e+00 -5.218726e-01 1.792105e+01
      vertex 2.134588e+00 -3.731122e-01 2.110526e+01
    endloop
  endfacet
  facet normal 2.644738e-03 -9.992037e-01 3.981155e-02
    outer loop
      vertex 1.854355e+00 -5.007233e-01 1.792105e+01
      vertex 2.134588e+00 -3.731122e-01 2.110526e+01
      vertex 1.725199e+00 -3.741958e-01 2.110526e+01
    endloop
  endfacet
  facet normal -4.030386e-02 -9.978686e-01 5.132079e-02
    outer loop
      vertex 2.299294e+00 -5.218726e-01 1.792105e+01
      vertex 2.768661e+00 -5.408303e-01 1.792105e+01
      vertex 2.566298e+00 -3.688917e-01 2.110526e+01
    endloop
  endfacet
  facet normal 9.765071e-03 -9.988392e-01 4.716901e-02
    outer loop
      vertex 2.299294e+00 -5.218726e-01 1.792105e+01
      vertex 2.566298e+00 -3.688917e-01 2.110526e+01
      vertex 2.134588e+00 -3.731122e-01 2.110526e+01
    endloop
  endfacet
  facet normal -3.414617e-02 -9.977678e-01 5.738928e-02
    outer loop
      vertex 2.768661e+00 -5.408303e-01 1.792105e+01
      vertex 3.161872e+00 -5.542870e-01 1.792105e+01
      vertex 2.927851e+00 -3.631299e-01 2.110526e+01
    endloop
  endfacet
  facet normal 1.591018e-02 -9.983640e-01 5.492006e-02
    outer loop
      vertex 2.768661e+00 -5.408303e-01 1.792105e+01
      vertex 2.927851e+00 -3.631299e-01 2.110526e+01
      vertex 2.566298e+00 -3.688917e-01 2.110526e+01
    endloop
  endfacet
  facet normal -2.858642e-02 -9.976618e-01 6.207848e-02
    outer loop
      vertex 3.161872e+00 -5.542870e-01 1.792105e+01
      vertex 3.458646e+00 -5.627906e-01 1.792105e+01
      vertex 3.200655e+00 -3.572641e-01 2.110526e+01
    endloop
  endfacet
  facet normal 2.145621e-02 -9.978775e-01 6.148233e-02
    outer loop
      vertex 3.161872e+00 -5.542870e-01 1.792105e+01
      vertex 3.200655e+00 -3.572641e-01 2.110526e+01
      vertex 2.927851e+00 -3.631299e-01 2.110526e+01
    endloop
  endfacet
  facet normal -2.396485e-02 -9.975899e-01 6.511554e-02
    outer loop
      vertex 3.458646e+00 -5.627906e-01 1.792105e+01
      vertex 3.643351e+00 -5.672277e-01 1.792105e+01
      vertex 3.370402e+00 -3.528283e-01 2.110526e+01
    endloop
  endfacet
  facet normal 2.606520e-02 -9.974464e-01 6.649257e-02
    outer loop
      vertex 3.458646e+00 -5.627906e-01 1.792105e+01
      vertex 3.370402e+00 -3.528283e-01 2.110526e+01
      vertex 3.200655e+00 -3.572641e-01 2.110526e+01
    endloop
  endfacet
  facet normal -2.127016e-02 -9.975763e-01 6.625100e-02
    outer loop
      vertex 3.643351e+00 -5.672277e-01 1.792105e+01
      vertex 3.706057e+00 -5.685648e-01 1.792105e+01
      vertex 3.428022e+00 -3.511669e-01 2.110526e+01
    endloop
  endfacet
  facet normal 2.875161e-02 -9.971602e-01 6.960544e-02
    outer loop
      vertex 3.643351e+00 -5.672277e-01 1.792105e+01
      vertex 3.428022e+00 -3.511669e-01 2.110526e+01
      vertex 3.370402e+00 -3.528283e-01 2.110526e+01
    endloop
  endfacet
  facet normal 3.526086e-01 9.354861e-01 2.308751e-02
    outer loop
      vertex 3.430737e+00 -3.349878e-01 2.110526e+01
      vertex 3.391037e+00 -3.200239e-01 2.110526e+01
      vertex 3.671572e+00 -5.043498e-01 2.428947e+01
    endloop
  endfacet
  facet normal 3.919918e-01 9.197668e-01 1.927273e-02
    outer loop
      vertex 3.430737e+00 -3.349878e-01 2.110526e+01
      vertex 3.671572e+00 -5.043498e-01 2.428947e+01
      vertex 3.714038e+00 -5.224485e-01 2.428947e+01
    endloop
  endfacet
  facet normal 3.459068e-01 9.380205e-01 2.158756e-02
    outer loop
      vertex 3.391037e+00 -3.200239e-01 2.110526e+01
      vertex 3.246147e+00 -2.665939e-01 2.110526e+01
      vertex 3.516529e+00 -4.395819e-01 2.428947e+01
    endloop
  endfacet
  facet normal 3.853887e-01 9.225493e-01 1.945065e-02
    outer loop
      vertex 3.391037e+00 -3.200239e-01 2.110526e+01
      vertex 3.516529e+00 -4.395819e-01 2.428947e+01
      vertex 3.671572e+00 -5.043498e-01 2.428947e+01
    endloop
  endfacet
  facet normal 3.322831e-01 9.429832e-01 1.925113e-02
    outer loop
      vertex 3.246147e+00 -2.665939e-01 2.110526e+01
      vertex 3.001171e+00 -1.802707e-01 2.110526e+01
      vertex 3.254203e+00 -3.344387e-01 2.428947e+01
    endloop
  endfacet
  facet normal 3.719738e-01 9.280522e-01 1.883258e-02
    outer loop
      vertex 3.246147e+00 -2.665939e-01 2.110526e+01
      vertex 3.254203e+00 -3.344387e-01 2.428947e+01
      vertex 3.516529e+00 -4.395819e-01 2.428947e+01
    endloop
  endfacet
  facet normal 3.130702e-01 9.495952e-01 1.599871e-02
    outer loop
      vertex 3.001171e+00 -1.802707e-01 2.110526e+01
      vertex 2.666902e+00 -7.006594e-02 2.110526e+01
      vertex 2.895909e+00 -1.992143e-01 2.428947e+01
    endloop
  endfacet
  facet normal 3.530483e-01 9.354463e-01 1.723612e-02
    outer loop
      vertex 3.001171e+00 -1.802707e-01 2.110526e+01
      vertex 2.895909e+00 -1.992143e-01 2.428947e+01
      vertex 3.254203e+00 -3.344387e-01 2.428947e+01
    endloop
  endfacet
  facet normal 2.893813e-01 9.571409e-01 1.182689e-02
    outer loop
      vertex 2.666902e+00 -7.006594e-02 2.110526e+01
      vertex 2.258513e+00 5.340591e-02 2.110526e+01
      vertex 2.457654e+00 -4.614782e-02 2.428947e+01
    endloop
  endfacet
  facet normal 3.296959e-01 9.439747e-01 1.457503e-02
    outer loop
      vertex 2.666902e+00 -7.006594e-02 2.110526e+01
      vertex 2.457654e+00 -4.614782e-02 2.428947e+01
      vertex 2.895909e+00 -1.992143e-01 2.428947e+01
    endloop
  endfacet
  facet normal 2.635449e-01 9.646160e-01 7.747856e-03
    outer loop
      vertex 2.258513e+00 5.340591e-02 2.110526e+01
      vertex 1.863813e+00 1.612429e-01 2.110526e+01
      vertex 2.033558e+00 8.929072e-02 2.428947e+01
    endloop
  endfacet
  facet normal 3.042033e-01 9.525464e-01 1.075628e-02
    outer loop
      vertex 2.258513e+00 5.340591e-02 2.110526e+01
      vertex 2.033558e+00 8.929072e-02 2.428947e+01
      vertex 2.457654e+00 -4.614782e-02 2.428947e+01
    endloop
  endfacet
  facet normal 2.324681e-01 9.726015e-01 2.237010e-03
    outer loop
      vertex 1.863813e+00 1.612429e-01 2.110526e+01
      vertex 1.370593e+00 2.791309e-01 2.110526e+01
      vertex 1.502826e+00 2.402012e-01 2.428947e+01
    endloop
  endfacet
  facet normal 2.734952e-01 9.618468e-01 7.154851e-03
    outer loop
      vertex 1.863813e+00 1.612429e-01 2.110526e+01
      vertex 1.502826e+00 2.402012e-01 2.428947e+01
      vertex 2.033558e+00 8.929072e-02 2.428947e+01
    endloop
  endfacet
  facet normal 1.908624e-01 9.816109e-01 -3.389672e-03
    outer loop
      vertex 1.370593e+00 2.791309e-01 2.110526e+01
      vertex 8.648957e-01 3.774575e-01 2.110526e+01
      vertex 9.576283e-01 3.704224e-01 2.428947e+01
    endloop
  endfacet
  facet normal 2.323161e-01 9.726378e-01 2.243765e-03
    outer loop
      vertex 1.370593e+00 2.791309e-01 2.110526e+01
      vertex 9.576283e-01 3.704224e-01 2.428947e+01
      vertex 1.502826e+00 2.402012e-01 2.428947e+01
    endloop
  endfacet
  facet normal 1.325000e-01 9.911426e-01 -8.944307e-03
    outer loop
      vertex 8.648957e-01 3.774575e-01 2.110526e+01
      vertex 3.672004e-01 4.439915e-01 2.110526e+01
      vertex 4.196622e-01 4.657133e-01 2.428947e+01
    endloop
  endfacet
  facet normal 1.744158e-01 9.846678e-01 -2.903950e-03
    outer loop
      vertex 8.648957e-01 3.774575e-01 2.110526e+01
      vertex 4.196622e-01 4.657133e-01 2.428947e+01
      vertex 9.576283e-01 3.704224e-01 2.428947e+01
    endloop
  endfacet
  facet normal 4.809625e-02 9.987402e-01 -1.430669e-02
    outer loop
      vertex 3.672004e-01 4.439915e-01 2.110526e+01
      vertex -9.478621e-02 4.662393e-01 2.110526e+01
      vertex -8.152883e-02 5.112139e-01 2.428947e+01
    endloop
  endfacet
  facet normal 9.041006e-02 9.958702e-01 -8.283099e-03
    outer loop
      vertex 3.672004e-01 4.439915e-01 2.110526e+01
      vertex -8.152883e-02 5.112139e-01 2.428947e+01
      vertex 4.196622e-01 4.657133e-01 2.428947e+01
    endloop
  endfacet
  facet normal -5.841322e-02 9.980990e-01 -1.965657e-02
    outer loop
      vertex -9.478621e-02 4.662393e-01 2.110526e+01
      vertex -4.946265e-01 4.428389e-01 2.110526e+01
      vertex -5.172679e-01 5.042237e-01 2.428947e+01
    endloop
  endfacet
  facet normal -1.603846e-02 9.997726e-01 -1.405425e-02
    outer loop
      vertex -9.478621e-02 4.662393e-01 2.110526e+01
      vertex -5.172679e-01 5.042237e-01 2.428947e+01
      vertex -8.152883e-02 5.112139e-01 2.428947e+01
    endloop
  endfacet
  facet normal -1.866499e-01 9.821249e-01 -2.434153e-02
    outer loop
      vertex -4.946265e-01 4.428389e-01 2.110526e+01
      vertex -7.714081e-01 3.902374e-01 2.110526e+01
      vertex -8.205792e-01 4.598118e-01 2.428947e+01
    endloop
  endfacet
  facet normal -1.448493e-01 9.892495e-01 -2.010058e-02
    outer loop
      vertex -4.946265e-01 4.428389e-01 2.110526e+01
      vertex -8.205792e-01 4.598118e-01 2.428947e+01
      vertex -5.172679e-01 5.042237e-01 2.428947e+01
    endloop
  endfacet
  facet normal -3.665039e-01 9.299463e-01 -2.957680e-02
    outer loop
      vertex -7.714081e-01 3.902374e-01 2.110526e+01
      vertex -1.002530e+00 2.991494e-01 2.110526e+01
      vertex -1.076030e+00 3.714553e-01 2.428947e+01
    endloop
  endfacet
  facet normal -3.267756e-01 9.447528e-01 -2.568880e-02
    outer loop
      vertex -7.714081e-01 3.902374e-01 2.110526e+01
      vertex -1.076030e+00 3.714553e-01 2.428947e+01
      vertex -8.205792e-01 4.598118e-01 2.428947e+01
    endloop
  endfacet
  facet normal -6.800843e-01 7.323105e-01 -3.473723e-02
    outer loop
      vertex -1.002530e+00 2.991494e-01 2.110526e+01
      vertex -1.124476e+00 1.858999e-01 2.110526e+01
      vertex -1.213821e+00 2.539702e-01 2.428947e+01
    endloop
  endfacet
  facet normal -6.484737e-01 7.605541e-01 -3.223894e-02
    outer loop
      vertex -1.002530e+00 2.991494e-01 2.110526e+01
      vertex -1.213821e+00 2.539702e-01 2.428947e+01
      vertex -1.076030e+00 3.714553e-01 2.428947e+01
    endloop
  endfacet
  facet normal -9.973756e-01 6.533110e-02 -3.120469e-02
    outer loop
      vertex -1.124476e+00 1.858999e-01 2.110526e+01
      vertex -1.132703e+00 6.029629e-02 2.110526e+01
      vertex -1.228560e+00 1.178083e-01 2.428947e+01
    endloop
  endfacet
  facet normal -9.937394e-01 1.075688e-01 -3.018261e-02
    outer loop
      vertex -1.124476e+00 1.858999e-01 2.110526e+01
      vertex -1.228560e+00 1.178083e-01 2.428947e+01
      vertex -1.213821e+00 2.539702e-01 2.428947e+01
    endloop
  endfacet
  facet normal -7.463783e-01 -6.654006e-01 -1.270998e-02
    outer loop
      vertex -1.132703e+00 6.029629e-02 2.110526e+01
      vertex -1.028929e+00 -5.610746e-02 2.110526e+01
      vertex -1.121119e+00 -1.352019e-02 2.428947e+01
    endloop
  endfacet
  facet normal -7.739309e-01 -6.331590e-01 -1.186231e-02
    outer loop
      vertex -1.132703e+00 6.029629e-02 2.110526e+01
      vertex -1.121119e+00 -1.352019e-02 2.428947e+01
      vertex -1.228560e+00 1.178083e-01 2.428947e+01
    endloop
  endfacet
  facet normal -4.318252e-01 -9.019493e-01 -3.792355e-03
    outer loop
      vertex -1.028929e+00 -5.610746e-02 2.110526e+01
      vertex -8.202016e-01 -1.560395e-01 2.110526e+01
      vertex -8.988261e-01 -1.317849e-01 2.428947e+01
    endloop
  endfacet
  facet normal -4.696860e-01 -8.828317e-01 -1.791055e-03
    outer loop
      vertex -1.028929e+00 -5.610746e-02 2.110526e+01
      vertex -8.988261e-01 -1.317849e-01 2.428947e+01
      vertex -1.121119e+00 -1.352019e-02 2.428947e+01
    endloop
  endfacet
  facet normal -2.652255e-01 -9.641817e-01 -3.019989e-03
    outer loop
      vertex -8.202016e-01 -1.560395e-01 2.110526e+01
      vertex -5.663177e-01 -2.258775e-01 2.110526e+01
      vertex -6.260557e-01 -2.194184e-01 2.428947e+01
    endloop
  endfacet
  facet normal -3.058738e-01 -9.520720e-01 -3.005707e-04
    outer loop
      vertex -8.202016e-01 -1.560395e-01 2.110526e+01
      vertex -6.260557e-01 -2.194184e-01 2.428947e+01
      vertex -8.988261e-01 -1.317849e-01 2.428947e+01
    endloop
  endfacet
  facet normal -1.637039e-01 -9.864880e-01 -6.514614e-03
    outer loop
      vertex -5.663177e-01 -2.258775e-01 2.110526e+01
      vertex -1.956324e-01 -2.873913e-01 2.110526e+01
      vertex -2.259283e-01 -3.033918e-01 2.428947e+01
    endloop
  endfacet
  facet normal -2.053921e-01 -9.786780e-01 -1.868067e-03
    outer loop
      vertex -5.663177e-01 -2.258775e-01 2.110526e+01
      vertex -2.259283e-01 -3.033918e-01 2.428947e+01
      vertex -6.260557e-01 -2.194184e-01 2.428947e+01
    endloop
  endfacet
  facet normal -9.538571e-02 -9.953652e-01 -1.223055e-02
    outer loop
      vertex -1.956324e-01 -2.873913e-01 2.110526e+01
      vertex 2.386722e-01 -3.290107e-01 2.110526e+01
      vertex 2.442763e-01 -3.686737e-01 2.428947e+01
    endloop
  endfacet
  facet normal -1.375153e-01 -9.904797e-01 -6.285502e-03
    outer loop
      vertex -1.956324e-01 -2.873913e-01 2.110526e+01
      vertex 2.442763e-01 -3.686737e-01 2.428947e+01
      vertex -2.259283e-01 -3.033918e-01 2.428947e+01
    endloop
  endfacet
  facet normal -5.572273e-02 -9.982601e-01 -1.928332e-02
    outer loop
      vertex 2.386722e-01 -3.290107e-01 2.110526e+01
      vertex 7.174512e-01 -3.557360e-01 2.110526e+01
      vertex 7.635155e-01 -4.198165e-01 2.428947e+01
    endloop
  endfacet
  facet normal -9.801408e-02 -9.951100e-01 -1.222274e-02
    outer loop
      vertex 2.386722e-01 -3.290107e-01 2.110526e+01
      vertex 7.635155e-01 -4.198165e-01 2.428947e+01
      vertex 2.442763e-01 -3.686737e-01 2.428947e+01
    endloop
  endfacet
  facet normal -2.822289e-02 -9.992363e-01 -2.702345e-02
    outer loop
      vertex 7.174512e-01 -3.557360e-01 2.110526e+01
      vertex 1.222801e+00 -3.700094e-01 2.110526e+01
      vertex 1.312214e+00 -4.586489e-01 2.428947e+01
    endloop
  endfacet
  facet normal -7.058243e-02 -9.973240e-01 -1.904952e-02
    outer loop
      vertex 7.174512e-01 -3.557360e-01 2.110526e+01
      vertex 1.312214e+00 -4.586489e-01 2.428947e+01
      vertex 7.635155e-01 -4.198165e-01 2.428947e+01
    endloop
  endfacet
  facet normal -8.327592e-03 -9.993575e-01 -3.486095e-02
    outer loop
      vertex 1.222801e+00 -3.700094e-01 2.110526e+01
      vertex 1.725199e+00 -3.741958e-01 2.110526e+01
      vertex 1.858169e+00 -4.863798e-01 2.428947e+01
    endloop
  endfacet
  facet normal -5.071039e-02 -9.983653e-01 -2.636775e-02
    outer loop
      vertex 1.222801e+00 -3.700094e-01 2.110526e+01
      vertex 1.858169e+00 -4.863798e-01 2.428947e+01
      vertex 1.312214e+00 -4.586489e-01 2.428947e+01
    endloop
  endfacet
  facet normal 2.644584e-03 -9.991458e-01 -4.123860e-02
    outer loop
      vertex 1.725199e+00 -3.741958e-01 2.110526e+01
      vertex 2.134588e+00 -3.731122e-01 2.110526e+01
      vertex 2.303258e+00 -5.040904e-01 2.428947e+01
    endloop
  endfacet
  facet normal -3.973739e-02 -9.986476e-01 -3.352430e-02
    outer loop
      vertex 1.725199e+00 -3.741958e-01 2.110526e+01
      vertex 2.303258e+00 -5.040904e-01 2.428947e+01
      vertex 1.858169e+00 -4.863798e-01 2.428947e+01
    endloop
  endfacet
  facet normal 9.764754e-03 -9.988068e-01 -4.785034e-02
    outer loop
      vertex 2.134588e+00 -3.731122e-01 2.110526e+01
      vertex 2.566298e+00 -3.688917e-01 2.110526e+01
      vertex 2.772758e+00 -5.194208e-01 2.428947e+01
    endloop
  endfacet
  facet normal -3.260988e-02 -9.986931e-01 -3.935252e-02
    outer loop
      vertex 2.134588e+00 -3.731122e-01 2.110526e+01
      vertex 2.772758e+00 -5.194208e-01 2.428947e+01
      vertex 2.303258e+00 -5.040904e-01 2.428947e+01
    endloop
  endfacet
  facet normal 1.591144e-02 -9.984430e-01 -5.346368e-02
    outer loop
      vertex 2.566298e+00 -3.688917e-01 2.110526e+01
      vertex 2.927851e+00 -3.631299e-01 2.110526e+01
      vertex 3.166061e+00 -5.298388e-01 2.428947e+01
    endloop
  endfacet
  facet normal -2.645164e-02 -9.986144e-01 -4.549303e-02
    outer loop
      vertex 2.566298e+00 -3.688917e-01 2.110526e+01
      vertex 3.166061e+00 -5.298388e-01 2.428947e+01
      vertex 2.772758e+00 -5.194208e-01 2.428947e+01
    endloop
  endfacet
  facet normal 2.146093e-02 -9.980970e-01 -5.780789e-02
    outer loop
      vertex 2.927851e+00 -3.631299e-01 2.110526e+01
      vertex 3.200655e+00 -3.572641e-01 2.110526e+01
      vertex 3.462892e+00 -5.360489e-01 2.428947e+01
    endloop
  endfacet
  facet normal -2.089009e-02 -9.984948e-01 -5.071327e-02
    outer loop
      vertex 2.927851e+00 -3.631299e-01 2.110526e+01
      vertex 3.462892e+00 -5.360489e-01 2.428947e+01
      vertex 3.166061e+00 -5.298388e-01 2.428947e+01
    endloop
  endfacet
  facet normal 2.607496e-02 -9.978198e-01 -6.062822e-02
    outer loop
      vertex 3.200655e+00 -3.572641e-01 2.110526e+01
      vertex 3.370402e+00 -3.528283e-01 2.110526e+01
      vertex 3.647625e+00 -5.390587e-01 2.428947e+01
    endloop
  endfacet
  facet normal -1.626595e-02 -9.983695e-01 -5.471617e-02
    outer loop
      vertex 3.200655e+00 -3.572641e-01 2.110526e+01
      vertex 3.647625e+00 -5.390587e-01 2.428947e+01
      vertex 3.462892e+00 -5.360489e-01 2.428947e+01
    endloop
  endfacet
  facet normal 2.876662e-02 -9.976808e-01 -6.168810e-02
    outer loop
      vertex 3.370402e+00 -3.528283e-01 2.110526e+01
      vertex 3.428022e+00 -3.511669e-01 2.110526e+01
      vertex 3.710340e+00 -5.399112e-01 2.428947e+01
    endloop
  endfacet
  facet normal -1.356888e-02 -9.982703e-01 -5.720310e-02
    outer loop
      vertex 3.370402e+00 -3.528283e-01 2.110526e+01
      vertex 3.710340e+00 -5.399112e-01 2.428947e+01
      vertex 3.647625e+00 -5.390587e-01 2.428947e+01
    endloop
  endfacet
  facet normal 3.920137e-01 9.198183e-01 -1.611188e-02
    outer loop
      vertex 3.714038e+00 -5.224485e-01 2.428947e+01
      vertex 3.671572e+00 -5.043498e-01 2.428947e+01
      vertex 3.678444e+00 -4.515030e-01 2.747368e+01
    endloop
  endfacet
  facet normal 3.787451e-01 9.253560e-01 -1.638358e-02
    outer loop
      vertex 3.714038e+00 -5.224485e-01 2.428947e+01
      vertex 3.678444e+00 -4.515030e-01 2.747368e+01
      vertex 3.721167e+00 -4.689891e-01 2.747368e+01
    endloop
  endfacet
  facet normal 3.854160e-01 9.226146e-01 -1.538536e-02
    outer loop
      vertex 3.671572e+00 -5.043498e-01 2.428947e+01
      vertex 3.516529e+00 -4.395819e-01 2.428947e+01
      vertex 3.522487e+00 -3.889712e-01 2.747368e+01
    endloop
  endfacet
  facet normal 3.721048e-01 9.280492e-01 -1.620552e-02
    outer loop
      vertex 3.671572e+00 -5.043498e-01 2.428947e+01
      vertex 3.522487e+00 -3.889712e-01 2.747368e+01
      vertex 3.678444e+00 -4.515030e-01 2.747368e+01
    endloop
  endfacet
  facet normal 3.720024e-01 9.281236e-01 -1.417173e-02
    outer loop
      vertex 3.516529e+00 -4.395819e-01 2.428947e+01
      vertex 3.254203e+00 -3.344387e-01 2.428947e+01
      vertex 3.258676e+00 -2.876109e-01 2.747368e+01
    endloop
  endfacet
  facet normal 3.586110e-01 9.333583e-01 -1.550598e-02
    outer loop
      vertex 3.516529e+00 -4.395819e-01 2.428947e+01
      vertex 3.258676e+00 -2.876109e-01 2.747368e+01
      vertex 3.522487e+00 -3.889712e-01 2.747368e+01
    endloop
  endfacet
  facet normal 3.530731e-01 9.355119e-01 -1.252454e-02
    outer loop
      vertex 3.254203e+00 -3.344387e-01 2.428947e+01
      vertex 2.895909e+00 -1.992143e-01 2.428947e+01
      vertex 2.898474e+00 -1.575525e-01 2.747368e+01
    endloop
  endfacet
  facet normal 3.395764e-01 9.404696e-01 -1.430775e-02
    outer loop
      vertex 3.254203e+00 -3.344387e-01 2.428947e+01
      vertex 2.898474e+00 -1.575525e-01 2.747368e+01
      vertex 3.258676e+00 -2.876109e-01 2.747368e+01
    endloop
  endfacet
  facet normal 3.297127e-01 9.440227e-01 -1.052088e-02
    outer loop
      vertex 2.895909e+00 -1.992143e-01 2.428947e+01
      vertex 2.457654e+00 -4.614782e-02 2.428947e+01
      vertex 2.458064e+00 -1.080367e-02 2.747368e+01
    endloop
  endfacet
  facet normal 3.160964e-01 9.486425e-01 -1.266655e-02
    outer loop
      vertex 2.895909e+00 -1.992143e-01 2.428947e+01
      vertex 2.458064e+00 -1.080367e-02 2.747368e+01
      vertex 2.898474e+00 -1.575525e-01 2.747368e+01
    endloop
  endfacet
  facet normal 3.042097e-01 9.525663e-01 -8.602072e-03
    outer loop
      vertex 2.457654e+00 -4.614782e-02 2.428947e+01
      vertex 2.033558e+00 8.929072e-02 2.428947e+01
      vertex 2.032064e+00 1.185227e-01 2.747368e+01
    endloop
  endfacet
  facet normal 2.904752e-01 9.568232e-01 -1.065791e-02
    outer loop
      vertex 2.457654e+00 -4.614782e-02 2.428947e+01
      vertex 2.032064e+00 1.185227e-01 2.747368e+01
      vertex 2.458064e+00 -1.080367e-02 2.747368e+01
    endloop
  endfacet
  facet normal 2.734969e-01 9.618528e-01 -6.210091e-03
    outer loop
      vertex 2.033558e+00 8.929072e-02 2.428947e+01
      vertex 1.502826e+00 2.402012e-01 2.428947e+01
      vertex 1.499216e+00 2.617859e-01 2.747368e+01
    endloop
  endfacet
  facet normal 2.596329e-01 9.656678e-01 -8.743265e-03
    outer loop
      vertex 2.033558e+00 8.929072e-02 2.428947e+01
      vertex 1.499216e+00 2.617859e-01 2.747368e+01
      vertex 2.032064e+00 1.185227e-01 2.747368e+01
    endloop
  endfacet
  facet normal 2.323150e-01 9.726332e-01 -3.798598e-03
    outer loop
      vertex 1.502826e+00 2.402012e-01 2.428947e+01
      vertex 9.576283e-01 3.704224e-01 2.428947e+01
      vertex 9.522028e-01 3.841542e-01 2.747368e+01
    endloop
  endfacet
  facet normal 2.183023e-01 9.758604e-01 -6.367607e-03
    outer loop
      vertex 1.502826e+00 2.402012e-01 2.428947e+01
      vertex 9.522028e-01 3.841542e-01 2.747368e+01
      vertex 1.499216e+00 2.617859e-01 2.747368e+01
    endloop
  endfacet
  facet normal 1.744164e-01 9.846709e-01 -1.481990e-03
    outer loop
      vertex 9.576283e-01 3.704224e-01 2.428947e+01
      vertex 4.196622e-01 4.657133e-01 2.428947e+01
      vertex 4.129222e-01 4.716996e-01 2.747368e+01
    endloop
  endfacet
  facet normal 1.602384e-01 9.870703e-01 -3.983666e-03
    outer loop
      vertex 9.576283e-01 3.704224e-01 2.428947e+01
      vertex 4.129222e-01 4.716996e-01 2.747368e+01
      vertex 9.522028e-01 3.841542e-01 2.747368e+01
    endloop
  endfacet
  facet normal 9.041315e-02 9.959042e-01 5.916757e-04
    outer loop
      vertex 4.196622e-01 4.657133e-01 2.428947e+01
      vertex -8.152883e-02 5.112139e-01 2.428947e+01
      vertex -8.887131e-02 5.099887e-01 2.747368e+01
    endloop
  endfacet
  facet normal 7.608328e-02 9.971000e-01 -1.713499e-03
    outer loop
      vertex 4.196622e-01 4.657133e-01 2.428947e+01
      vertex -8.887131e-02 5.099887e-01 2.747368e+01
      vertex 4.129222e-01 4.716996e-01 2.747368e+01
    endloop
  endfacet
  facet normal -1.604000e-02 9.998687e-01 2.315696e-03
    outer loop
      vertex -8.152883e-02 5.112139e-01 2.428947e+01
      vertex -5.172679e-01 5.042237e-01 2.428947e+01
      vertex -5.244648e-01 4.967336e-01 2.747368e+01
    endloop
  endfacet
  facet normal -3.041585e-02 9.995373e-01 3.144538e-04
    outer loop
      vertex -8.152883e-02 5.112139e-01 2.428947e+01
      vertex -5.244648e-01 4.967336e-01 2.747368e+01
      vertex -8.887131e-02 5.099887e-01 2.747368e+01
    endloop
  endfacet
  facet normal -1.448777e-01 9.894438e-01 3.384273e-03
    outer loop
      vertex -5.172679e-01 5.042237e-01 2.428947e+01
      vertex -8.205792e-01 4.598118e-01 2.428947e+01
      vertex -8.271062e-01 4.479649e-01 2.747368e+01
    endloop
  endfacet
  facet normal -1.590909e-01 9.872620e-01 1.962720e-03
    outer loop
      vertex -5.172679e-01 5.042237e-01 2.428947e+01
      vertex -8.271062e-01 4.479649e-01 2.747368e+01
      vertex -5.244648e-01 4.967336e-01 2.747368e+01
    endloop
  endfacet
  facet normal -3.268808e-01 9.450568e-01 4.066678e-03
    outer loop
      vertex -8.205792e-01 4.598118e-01 2.428947e+01
      vertex -1.076030e+00 3.714553e-01 2.428947e+01
      vertex -1.081260e+00 3.559443e-01 2.747368e+01
    endloop
  endfacet
  facet normal -3.404377e-01 9.402629e-01 2.800439e-03
    outer loop
      vertex -8.205792e-01 4.598118e-01 2.428947e+01
      vertex -1.081260e+00 3.559443e-01 2.747368e+01
      vertex -8.271062e-01 4.479649e-01 2.747368e+01
    endloop
  endfacet
  facet normal -6.488071e-01 7.609451e-01 3.458779e-03
    outer loop
      vertex -1.076030e+00 3.714553e-01 2.428947e+01
      vertex -1.213821e+00 2.539702e-01 2.428947e+01
      vertex -1.217347e+00 2.364900e-01 2.747368e+01
    endloop
  endfacet
  facet normal -6.596836e-01 7.515390e-01 2.577387e-03
    outer loop
      vertex -1.076030e+00 3.714553e-01 2.428947e+01
      vertex -1.217347e+00 2.364900e-01 2.747368e+01
      vertex -1.081260e+00 3.559443e-01 2.747368e+01
    endloop
  endfacet
  facet normal -9.941923e-01 1.076178e-01 1.082173e-04
    outer loop
      vertex -1.213821e+00 2.539702e-01 2.428947e+01
      vertex -1.228560e+00 1.178083e-01 2.428947e+01
      vertex -1.230127e+00 1.001303e-01 2.747368e+01
    endloop
  endfacet
  facet normal -9.956368e-01 9.331085e-02 -5.903965e-04
    outer loop
      vertex -1.213821e+00 2.539702e-01 2.428947e+01
      vertex -1.230127e+00 1.001303e-01 2.747368e+01
      vertex -1.217347e+00 2.364900e-01 2.747368e+01
    endloop
  endfacet
  facet normal -7.739815e-01 -6.332004e-01 -3.130040e-03
    outer loop
      vertex -1.228560e+00 1.178083e-01 2.428947e+01
      vertex -1.121119e+00 -1.352019e-02 2.428947e+01
      vertex -1.120809e+00 -2.963972e-02 2.747368e+01
    endloop
  endfacet
  facet normal -7.647943e-01 -6.442624e-01 -3.953165e-03
    outer loop
      vertex -1.228560e+00 1.178083e-01 2.428947e+01
      vertex -1.120809e+00 -2.963972e-02 2.747368e+01
      vertex -1.230127e+00 1.001303e-01 2.747368e+01
    endloop
  endfacet
  facet normal -4.696842e-01 -8.828284e-01 -3.286341e-03
    outer loop
      vertex -1.121119e+00 -1.352019e-02 2.428947e+01
      vertex -8.988261e-01 -1.317849e-01 2.428947e+01
      vertex -8.968382e-01 -1.446958e-01 2.747368e+01
    endloop
  endfacet
  facet normal -4.569391e-01 -8.894868e-01 -4.458344e-03
    outer loop
      vertex -1.121119e+00 -1.352019e-02 2.428947e+01
      vertex -8.968382e-01 -1.446958e-01 2.747368e+01
      vertex -1.120809e+00 -2.963972e-02 2.747368e+01
    endloop
  endfacet
  facet normal -3.058730e-01 -9.520694e-01 -2.375570e-03
    outer loop
      vertex -8.988261e-01 -1.317849e-01 2.428947e+01
      vertex -6.260557e-01 -2.194184e-01 2.428947e+01
      vertex -6.228359e-01 -2.283979e-01 2.747368e+01
    endloop
  endfacet
  facet normal -2.921501e-01 -9.563654e-01 -3.695342e-03
    outer loop
      vertex -8.988261e-01 -1.317849e-01 2.428947e+01
      vertex -6.228359e-01 -2.283979e-01 2.747368e+01
      vertex -8.968382e-01 -1.446958e-01 2.747368e+01
    endloop
  endfacet
  facet normal -2.053924e-01 -9.786795e-01 -7.059509e-04
    outer loop
      vertex -6.260557e-01 -2.194184e-01 2.428947e+01
      vertex -2.259283e-01 -3.033918e-01 2.428947e+01
      vertex -2.215424e-01 -3.066092e-01 2.747368e+01
    endloop
  endfacet
  facet normal -1.912978e-01 -9.815287e-01 -2.574502e-03
    outer loop
      vertex -6.260557e-01 -2.194184e-01 2.428947e+01
      vertex -2.215424e-01 -3.066092e-01 2.747368e+01
      vertex -6.228359e-01 -2.283979e-01 2.747368e+01
    endloop
  endfacet
  facet normal -1.375179e-01 -9.904984e-01 1.332340e-03
    outer loop
      vertex -2.259283e-01 -3.033918e-01 2.428947e+01
      vertex 2.442763e-01 -3.686737e-01 2.428947e+01
      vertex 2.495523e-01 -3.651230e-01 2.747368e+01
    endloop
  endfacet
  facet normal -1.232611e-01 -9.923739e-01 -8.329153e-04
    outer loop
      vertex -2.259283e-01 -3.033918e-01 2.428947e+01
      vertex 2.495523e-01 -3.651230e-01 2.747368e+01
      vertex -2.215424e-01 -3.066092e-01 2.747368e+01
    endloop
  endfacet
  facet normal -9.802075e-02 -9.951778e-01 3.628234e-03
    outer loop
      vertex 2.442763e-01 -3.686737e-01 2.428947e+01
      vertex 7.635155e-01 -4.198165e-01 2.428947e+01
      vertex 7.694732e-01 -4.087943e-01 2.747368e+01
    endloop
  endfacet
  facet normal -8.370113e-02 -9.964901e-01 1.249851e-03
    outer loop
      vertex 2.442763e-01 -3.686737e-01 2.428947e+01
      vertex 7.694732e-01 -4.087943e-01 2.747368e+01
      vertex 2.495523e-01 -3.651230e-01 2.747368e+01
    endloop
  endfacet
  facet normal -7.059394e-02 -9.974867e-01 6.068883e-03
    outer loop
      vertex 7.635155e-01 -4.198165e-01 2.428947e+01
      vertex 1.312214e+00 -4.586489e-01 2.428947e+01
      vertex 1.318673e+00 -4.397327e-01 2.747368e+01
    endloop
  endfacet
  facet normal -5.624415e-02 -9.984107e-01 3.561260e-03
    outer loop
      vertex 7.635155e-01 -4.198165e-01 2.428947e+01
      vertex 1.318673e+00 -4.397327e-01 2.747368e+01
      vertex 7.694732e-01 -4.087943e-01 2.747368e+01
    endloop
  endfacet
  facet normal -5.072620e-02 -9.986764e-01 8.504171e-03
    outer loop
      vertex 1.312214e+00 -4.586489e-01 2.428947e+01
      vertex 1.858169e+00 -4.863798e-01 2.428947e+01
      vertex 1.864971e+00 -4.596104e-01 2.747368e+01
    endloop
  endfacet
  facet normal -3.636133e-02 -9.993206e-01 6.010335e-03
    outer loop
      vertex 1.312214e+00 -4.586489e-01 2.428947e+01
      vertex 1.864971e+00 -4.596104e-01 2.747368e+01
      vertex 1.318673e+00 -4.397327e-01 2.747368e+01
    endloop
  endfacet
  facet normal -3.975755e-02 -9.991542e-01 1.049618e-02
    outer loop
      vertex 1.858169e+00 -4.863798e-01 2.428947e+01
      vertex 2.303258e+00 -5.040904e-01 2.428947e+01
      vertex 2.310268e+00 -4.709191e-01 2.747368e+01
    endloop
  endfacet
  facet normal -2.538678e-02 -9.996419e-01 8.458162e-03
    outer loop
      vertex 1.858169e+00 -4.863798e-01 2.428947e+01
      vertex 2.310268e+00 -4.709191e-01 2.747368e+01
      vertex 1.864971e+00 -4.596104e-01 2.747368e+01
    endloop
  endfacet
  facet normal -3.263256e-02 -9.993879e-01 1.260406e-02
    outer loop
      vertex 2.303258e+00 -5.040904e-01 2.428947e+01
      vertex 2.772758e+00 -5.194208e-01 2.428947e+01
      vertex 2.779940e+00 -4.794968e-01 2.747368e+01
    endloop
  endfacet
  facet normal -1.825913e-02 -9.997786e-01 1.045535e-02
    outer loop
      vertex 2.303258e+00 -5.040904e-01 2.428947e+01
      vertex 2.779940e+00 -4.794968e-01 2.747368e+01
      vertex 2.310268e+00 -4.709191e-01 2.747368e+01
    endloop
  endfacet
  facet normal -2.647632e-02 -9.995462e-01 1.436869e-02
    outer loop
      vertex 2.772758e+00 -5.194208e-01 2.428947e+01
      vertex 3.166061e+00 -5.298388e-01 2.428947e+01
      vertex 3.173352e+00 -4.842582e-01 2.747368e+01
    endloop
  endfacet
  facet normal -1.210109e-02 -9.998478e-01 1.256352e-02
    outer loop
      vertex 2.772758e+00 -5.194208e-01 2.428947e+01
      vertex 3.173352e+00 -4.842582e-01 2.747368e+01
      vertex 2.779940e+00 -4.794968e-01 2.747368e+01
    endloop
  endfacet
  facet normal -2.091442e-02 -9.996580e-01 1.569811e-02
    outer loop
      vertex 3.166061e+00 -5.298388e-01 2.428947e+01
      vertex 3.462892e+00 -5.360489e-01 2.428947e+01
      vertex 3.470242e+00 -4.861995e-01 2.747368e+01
    endloop
  endfacet
  facet normal -6.538002e-03 -9.998760e-01 1.432775e-02
    outer loop
      vertex 3.166061e+00 -5.298388e-01 2.428947e+01
      vertex 3.470242e+00 -4.861995e-01 2.747368e+01
      vertex 3.173352e+00 -4.842582e-01 2.747368e+01
    endloop
  endfacet
  facet normal -1.628813e-02 -9.997308e-01 1.652279e-02
    outer loop
      vertex 3.462892e+00 -5.360489e-01 2.428947e+01
      vertex 3.647625e+00 -5.390587e-01 2.428947e+01
      vertex 3.655000e+00 -4.865526e-01 2.747368e+01
    endloop
  endfacet
  facet normal -1.911029e-03 -9.998756e-01 1.565765e-02
    outer loop
      vertex 3.462892e+00 -5.360489e-01 2.428947e+01
      vertex 3.655000e+00 -4.865526e-01 2.747368e+01
      vertex 3.470242e+00 -4.861995e-01 2.747368e+01
    endloop
  endfacet
  facet normal -1.358922e-02 -9.997665e-01 1.680033e-02
    outer loop
      vertex 3.647625e+00 -5.390587e-01 2.428947e+01
      vertex 3.710340e+00 -5.399112e-01 2.428947e+01
      vertex 3.717720e+00 -4.865032e-01 2.747368e+01
    endloop
  endfacet
  facet normal 7.881457e-04 -9.998638e-01 1.648544e-02
    outer loop
      vertex 3.647625e+00 -5.390587e-01 2.428947e+01
      vertex 3.717720e+00 -4.865032e-01 2.747368e+01
      vertex 3.655000e+00 -4.865526e-01 2.747368e+01
    endloop
  endfacet
  facet normal 3.787924e-01 9.254713e-01 -4.376137e-03
    outer loop
      vertex 3.721167e+00 -4.689891e-01 2.747368e+01
      vertex 3.678444e+00 -4.515030e-01 2.747368e+01
      vertex 3.511523e+00 -3.681258e-01 3.065789e+01
    endloop
  endfacet
  facet normal 3.623694e-01 9.320173e-01 -5.664750e-03
    outer loop
      vertex 3.721167e+00 -4.689891e-01 2.747368e+01
      vertex 3.511523e+00 -3.681258e-01 3.065789e+01
      vertex 3.552513e+00 -3.840628e-01 3.065789e+01
    endloop
  endfacet
  facet normal 3.721508e-01 9.281640e-01 -3.906037e-03
    outer loop
      vertex 3.678444e+00 -4.515030e-01 2.747368e+01
      vertex 3.522487e+00 -3.889712e-01 2.747368e+01
      vertex 3.361911e+00 -3.111877e-01 3.065789e+01
    endloop
  endfacet
  facet normal 3.556804e-01 9.345895e-01 -5.826459e-03
    outer loop
      vertex 3.678444e+00 -4.515030e-01 2.747368e+01
      vertex 3.361911e+00 -3.111877e-01 3.065789e+01
      vertex 3.511523e+00 -3.681258e-01 3.065789e+01
    endloop
  endfacet
  facet normal 3.586523e-01 9.334657e-01 -3.221391e-03
    outer loop
      vertex 3.522487e+00 -3.889712e-01 2.747368e+01
      vertex 3.258676e+00 -2.876109e-01 2.747368e+01
      vertex 3.108910e+00 -2.190798e-01 3.065789e+01
    endloop
  endfacet
  facet normal 3.420898e-01 9.396500e-01 -5.702551e-03
    outer loop
      vertex 3.522487e+00 -3.889712e-01 2.747368e+01
      vertex 3.108910e+00 -2.190798e-01 3.065789e+01
      vertex 3.361911e+00 -3.111877e-01 3.065789e+01
    endloop
  endfacet
  facet normal 3.396104e-01 9.405635e-01 -2.244105e-03
    outer loop
      vertex 3.258676e+00 -2.876109e-01 2.747368e+01
      vertex 2.898474e+00 -1.575525e-01 2.747368e+01
      vertex 2.763608e+00 -1.012590e-01 3.065789e+01
    endloop
  endfacet
  facet normal 3.229256e-01 9.464102e-01 -5.180351e-03
    outer loop
      vertex 3.258676e+00 -2.876109e-01 2.747368e+01
      vertex 2.763608e+00 -1.012590e-01 3.065789e+01
      vertex 3.108910e+00 -2.190798e-01 3.065789e+01
    endloop
  endfacet
  facet normal 3.161216e-01 9.487182e-01 -9.276723e-04
    outer loop
      vertex 2.898474e+00 -1.575525e-01 2.747368e+01
      vertex 2.458064e+00 -1.080367e-02 2.747368e+01
      vertex 2.341621e+00 3.110958e-02 3.065789e+01
    endloop
  endfacet
  facet normal 2.992973e-01 9.541507e-01 -4.191758e-03
    outer loop
      vertex 2.898474e+00 -1.575525e-01 2.747368e+01
      vertex 2.341621e+00 3.110958e-02 3.065789e+01
      vertex 2.763608e+00 -1.012590e-01 3.065789e+01
    endloop
  endfacet
  facet normal 2.904917e-01 9.568774e-01 3.825403e-04
    outer loop
      vertex 2.458064e+00 -1.080367e-02 2.747368e+01
      vertex 2.032064e+00 1.185227e-01 2.747368e+01
      vertex 1.933655e+00 1.471249e-01 3.065789e+01
    endloop
  endfacet
  facet normal 2.735288e-01 9.618602e-01 -2.658221e-03
    outer loop
      vertex 2.458064e+00 -1.080367e-02 2.747368e+01
      vertex 1.933655e+00 1.471249e-01 3.065789e+01
      vertex 2.341621e+00 3.110958e-02 3.065789e+01
    endloop
  endfacet
  facet normal 2.596422e-01 9.657022e-01 2.268427e-03
    outer loop
      vertex 2.032064e+00 1.185227e-01 2.747368e+01
      vertex 1.499216e+00 2.617859e-01 2.747368e+01
      vertex 1.423676e+00 2.746163e-01 3.065789e+01
    endloop
  endfacet
  facet normal 2.425295e-01 9.701433e-01 -1.218905e-03
    outer loop
      vertex 2.032064e+00 1.185227e-01 2.747368e+01
      vertex 1.423676e+00 2.746163e-01 3.065789e+01
      vertex 1.933655e+00 1.471249e-01 3.065789e+01
    endloop
  endfacet
  facet normal 2.183048e-01 9.758715e-01 4.211687e-03
    outer loop
      vertex 1.499216e+00 2.617859e-01 2.747368e+01
      vertex 9.522028e-01 3.841542e-01 2.747368e+01
      vertex 9.005547e-01 3.819655e-01 3.065789e+01
    endloop
  endfacet
  facet normal 2.010200e-01 9.795868e-01 8.217610e-04
    outer loop
      vertex 1.499216e+00 2.617859e-01 2.747368e+01
      vertex 9.005547e-01 3.819655e-01 3.065789e+01
      vertex 1.423676e+00 2.746163e-01 3.065789e+01
    endloop
  endfacet
  facet normal 1.602366e-01 9.870594e-01 6.167304e-03
    outer loop
      vertex 9.522028e-01 3.841542e-01 2.747368e+01
      vertex 4.129222e-01 4.716996e-01 2.747368e+01
      vertex 3.853861e-01 4.562742e-01 3.065789e+01
    endloop
  endfacet
  facet normal 1.427634e-01 9.897523e-01 2.995942e-03
    outer loop
      vertex 9.522028e-01 3.841542e-01 2.747368e+01
      vertex 3.853861e-01 4.562742e-01 3.065789e+01
      vertex 9.005547e-01 3.819655e-01 3.065789e+01
    endloop
  endfacet
  facet normal 7.608087e-02 9.970683e-01 8.149888e-03
    outer loop
      vertex 4.129222e-01 4.716996e-01 2.747368e+01
      vertex -8.887131e-02 5.099887e-01 2.747368e+01
      vertex -9.324439e-02 4.842951e-01 3.065789e+01
    endloop
  endfacet
  facet normal 5.844296e-02 9.982765e-01 5.341363e-03
    outer loop
      vertex 4.129222e-01 4.716996e-01 2.747368e+01
      vertex -9.324439e-02 4.842951e-01 3.065789e+01
      vertex 3.853861e-01 4.562742e-01 3.065789e+01
    endloop
  endfacet
  facet normal -3.041423e-02 9.994840e-01 1.032813e-02
    outer loop
      vertex -8.887131e-02 5.099887e-01 2.747368e+01
      vertex -5.244648e-01 4.967336e-01 2.747368e+01
      vertex -5.079476e-01 4.643323e-01 3.065789e+01
    endloop
  endfacet
  facet normal -4.808033e-02 9.988115e-01 7.993435e-03
    outer loop
      vertex -8.887131e-02 5.099887e-01 2.747368e+01
      vertex -5.079476e-01 4.643323e-01 3.065789e+01
      vertex -9.324439e-02 4.842951e-01 3.065789e+01
    endloop
  endfacet
  facet normal -1.590787e-01 9.871869e-01 1.249174e-02
    outer loop
      vertex -5.244648e-01 4.967336e-01 2.747368e+01
      vertex -8.271062e-01 4.479649e-01 2.747368e+01
      vertex -7.954086e-01 4.127802e-01 3.065789e+01
    endloop
  endfacet
  facet normal -1.765095e-01 9.842382e-01 1.093082e-02
    outer loop
      vertex -5.244648e-01 4.967336e-01 2.747368e+01
      vertex -7.954086e-01 4.127802e-01 3.065789e+01
      vertex -5.079476e-01 4.643323e-01 3.065789e+01
    endloop
  endfacet
  facet normal -3.403997e-01 9.401579e-01 1.520664e-02
    outer loop
      vertex -8.271062e-01 4.479649e-01 2.747368e+01
      vertex -1.081260e+00 3.559443e-01 2.747368e+01
      vertex -1.035954e+00 3.208449e-01 3.065789e+01
    endloop
  endfacet
  facet normal -3.569744e-01 9.340111e-01 1.387414e-02
    outer loop
      vertex -8.271062e-01 4.479649e-01 2.747368e+01
      vertex -1.035954e+00 3.208449e-01 3.065789e+01
      vertex -7.954086e-01 4.127802e-01 3.065789e+01
    endloop
  endfacet
  facet normal -6.595714e-01 7.514111e-01 1.862501e-02
    outer loop
      vertex -1.081260e+00 3.559443e-01 2.747368e+01
      vertex -1.217347e+00 2.364900e-01 2.747368e+01
      vertex -1.163573e+00 2.047661e-01 3.065789e+01
    endloop
  endfacet
  facet normal -6.727635e-01 7.396453e-01 1.772538e-02
    outer loop
      vertex -1.081260e+00 3.559443e-01 2.747368e+01
      vertex -1.163573e+00 2.047661e-01 3.065789e+01
      vertex -1.035954e+00 3.208449e-01 3.065789e+01
    endloop
  endfacet
  facet normal -9.954673e-01 9.329496e-02 1.846516e-02
    outer loop
      vertex -1.217347e+00 2.364900e-01 2.747368e+01
      vertex -1.230127e+00 1.001303e-01 2.747368e+01
      vertex -1.173449e+00 7.466074e-02 3.065789e+01
    endloop
  endfacet
  facet normal -9.969768e-01 7.568275e-02 1.759087e-02
    outer loop
      vertex -1.217347e+00 2.364900e-01 2.747368e+01
      vertex -1.173449e+00 7.466074e-02 3.065789e+01
      vertex -1.163573e+00 2.047661e-01 3.065789e+01
    endloop
  endfacet
  facet normal -7.647668e-01 -6.442392e-01 9.356941e-03
    outer loop
      vertex -1.230127e+00 1.001303e-01 2.747368e+01
      vertex -1.120809e+00 -2.963972e-02 2.747368e+01
      vertex -1.067132e+00 -4.711099e-02 3.065789e+01
    endloop
  endfacet
  facet normal -7.532658e-01 -6.576658e-01 8.147363e-03
    outer loop
      vertex -1.230127e+00 1.001303e-01 2.747368e+01
      vertex -1.067132e+00 -4.711099e-02 3.065789e+01
      vertex -1.173449e+00 7.466074e-02 3.065789e+01
    endloop
  endfacet
  facet normal -4.569397e-01 -8.894880e-01 4.154064e-03
    outer loop
      vertex -1.120809e+00 -2.963972e-02 2.747368e+01
      vertex -8.968382e-01 -1.446958e-01 2.747368e+01
      vertex -8.518501e-01 -1.529359e-01 3.065789e+01
    endloop
  endfacet
  facet normal -4.411455e-01 -8.974321e-01 2.512379e-03
    outer loop
      vertex -1.120809e+00 -2.963972e-02 2.747368e+01
      vertex -8.518501e-01 -1.529359e-01 3.065789e+01
      vertex -1.067132e+00 -4.711099e-02 3.065789e+01
    endloop
  endfacet
  facet normal -2.921506e-01 -9.563671e-01 3.168208e-03
    outer loop
      vertex -8.968382e-01 -1.446958e-01 2.747368e+01
      vertex -6.228359e-01 -2.283979e-01 2.747368e+01
      vertex -5.894382e-01 -2.280518e-01 3.065789e+01
    endloop
  endfacet
  facet normal -2.751985e-01 -9.613864e-01 1.400274e-03
    outer loop
      vertex -8.968382e-01 -1.446958e-01 2.747368e+01
      vertex -5.894382e-01 -2.280518e-01 3.065789e+01
      vertex -8.518501e-01 -1.529359e-01 3.065789e+01
    endloop
  endfacet
  facet normal -1.912967e-01 -9.815229e-01 4.275683e-03
    outer loop
      vertex -6.228359e-01 -2.283979e-01 2.747368e+01
      vertex -2.215424e-01 -3.066092e-01 2.747368e+01
      vertex -2.058670e-01 -2.957933e-01 3.065789e+01
    endloop
  endfacet
  facet normal -1.739158e-01 -9.847586e-01 1.931184e-03
    outer loop
      vertex -6.228359e-01 -2.283979e-01 2.747368e+01
      vertex -2.058670e-01 -2.957933e-01 3.065789e+01
      vertex -5.894382e-01 -2.280518e-01 3.065789e+01
    endloop
  endfacet
  facet normal -1.232585e-01 -9.923534e-01 6.488467e-03
    outer loop
      vertex -2.215424e-01 -3.066092e-01 2.747368e+01
      vertex 2.495523e-01 -3.651230e-01 2.747368e+01
      vertex 2.438618e-01 -3.435964e-01 3.065789e+01
    endloop
  endfacet
  facet normal -1.056969e-01 -9.943908e-01 3.897996e-03
    outer loop
      vertex -2.215424e-01 -3.066092e-01 2.747368e+01
      vertex 2.438618e-01 -3.435964e-01 3.065789e+01
      vertex -2.058670e-01 -2.957933e-01 3.065789e+01
    endloop
  endfacet
  facet normal -8.369754e-02 -9.964474e-01 9.346515e-03
    outer loop
      vertex 2.495523e-01 -3.651230e-01 2.747368e+01
      vertex 7.694732e-01 -4.087943e-01 2.747368e+01
      vertex 7.398503e-01 -3.764387e-01 3.065789e+01
    endloop
  endfacet
  facet normal -6.606975e-02 -9.977930e-01 6.627443e-03
    outer loop
      vertex 2.495523e-01 -3.651230e-01 2.747368e+01
      vertex 7.398503e-01 -3.764387e-01 3.065789e+01
      vertex 2.438618e-01 -3.435964e-01 3.065789e+01
    endloop
  endfacet
  facet normal -5.624009e-02 -9.983386e-01 1.253053e-02
    outer loop
      vertex 7.694732e-01 -4.087943e-01 2.747368e+01
      vertex 1.318673e+00 -4.397327e-01 2.747368e+01
      vertex 1.263514e+00 -3.966592e-01 3.065789e+01
    endloop
  endfacet
  facet normal -3.858290e-02 -9.992074e-01 9.794264e-03
    outer loop
      vertex 7.694732e-01 -4.087943e-01 2.747368e+01
      vertex 1.263514e+00 -3.966592e-01 3.065789e+01
      vertex 7.398503e-01 -3.764387e-01 3.065789e+01
    endloop
  endfacet
  facet normal -3.635746e-02 -9.992143e-01 1.577797e-02
    outer loop
      vertex 1.318673e+00 -4.397327e-01 2.747368e+01
      vertex 1.864971e+00 -4.596104e-01 2.747368e+01
      vertex 1.784227e+00 -4.063925e-01 3.065789e+01
    endloop
  endfacet
  facet normal -1.868742e-02 -9.997382e-01 1.319997e-02
    outer loop
      vertex 1.318673e+00 -4.397327e-01 2.747368e+01
      vertex 1.784227e+00 -4.063925e-01 3.065789e+01
      vertex 1.263514e+00 -3.966592e-01 3.065789e+01
    endloop
  endfacet
  facet normal -2.538338e-02 -9.995081e-01 1.841690e-02
    outer loop
      vertex 1.864971e+00 -4.596104e-01 2.747368e+01
      vertex 2.310268e+00 -4.709191e-01 2.747368e+01
      vertex 2.208588e+00 -4.096646e-01 3.065789e+01
    endloop
  endfacet
  facet normal -7.709411e-03 -9.998339e-01 1.651477e-02
    outer loop
      vertex 1.864971e+00 -4.596104e-01 2.747368e+01
      vertex 2.208588e+00 -4.096646e-01 3.065789e+01
      vertex 1.784227e+00 -4.063925e-01 3.065789e+01
    endloop
  endfacet
  facet normal -1.825605e-02 -9.996100e-01 2.113063e-02
    outer loop
      vertex 2.310268e+00 -4.709191e-01 2.747368e+01
      vertex 2.779940e+00 -4.794968e-01 2.747368e+01
      vertex 2.656120e+00 -4.099248e-01 3.065789e+01
    endloop
  endfacet
  facet normal -5.811633e-04 -9.998152e-01 1.921481e-02
    outer loop
      vertex 2.310268e+00 -4.709191e-01 2.747368e+01
      vertex 2.656120e+00 -4.099248e-01 3.065789e+01
      vertex 2.208588e+00 -4.096646e-01 3.065789e+01
    endloop
  endfacet
  facet normal -1.209872e-02 -9.996518e-01 2.345150e-02
    outer loop
      vertex 2.779940e+00 -4.794968e-01 2.747368e+01
      vertex 3.173352e+00 -4.842582e-01 2.747368e+01
      vertex 3.030947e+00 -4.078341e-01 3.065789e+01
    endloop
  endfacet
  facet normal 5.576142e-03 -9.997411e-01 2.206023e-02
    outer loop
      vertex 2.779940e+00 -4.794968e-01 2.747368e+01
      vertex 3.030947e+00 -4.078341e-01 3.065789e+01
      vertex 2.656120e+00 -4.099248e-01 3.065789e+01
    endloop
  endfacet
  facet normal -6.536585e-03 -9.996593e-01 2.527036e-02
    outer loop
      vertex 3.173352e+00 -4.842582e-01 2.747368e+01
      vertex 3.470242e+00 -4.861995e-01 2.747368e+01
      vertex 3.313783e+00 -4.046829e-01 3.065789e+01
    endloop
  endfacet
  facet normal 1.113758e-02 -9.996380e-01 2.449036e-02
    outer loop
      vertex 3.173352e+00 -4.842582e-01 2.747368e+01
      vertex 3.313783e+00 -4.046829e-01 3.065789e+01
      vertex 3.030947e+00 -4.078341e-01 3.065789e+01
    endloop
  endfacet
  facet normal -1.910593e-03 -9.996477e-01 2.647429e-02
    outer loop
      vertex 3.470242e+00 -4.861995e-01 2.747368e+01
      vertex 3.655000e+00 -4.865526e-01 2.747368e+01
      vertex 3.489781e+00 -4.019074e-01 3.065789e+01
    endloop
  endfacet
  facet normal 1.576248e-02 -9.995282e-01 2.636268e-02
    outer loop
      vertex 3.470242e+00 -4.861995e-01 2.747368e+01
      vertex 3.489781e+00 -4.019074e-01 3.065789e+01
      vertex 3.313783e+00 -4.046829e-01 3.065789e+01
    endloop
  endfacet
  facet normal 7.879666e-04 -9.996366e-01 2.694565e-02
    outer loop
      vertex 3.655000e+00 -4.865526e-01 2.747368e+01
      vertex 3.717720e+00 -4.865032e-01 2.747368e+01
      vertex 3.549524e+00 -4.008039e-01 3.065789e+01
    endloop
  endfacet
  facet normal 1.846008e-02 -9.994506e-01 2.752602e-02
    outer loop
      vertex 3.655000e+00 -4.865526e-01 2.747368e+01
      vertex 3.549524e+00 -4.008039e-01 3.065789e+01
      vertex 3.489781e+00 -4.019074e-01 3.065789e+01
    endloop
  endfacet
  facet normal 3.621887e-01 9.315526e-01 3.207999e-02
    outer loop
      vertex 3.552513e+00 -3.840628e-01 3.065789e+01
      vertex 3.511523e+00 -3.681258e-01 3.065789e+01
      vertex 2.272389e+00 3.995755e-03 3.384211e+01
    endloop
  endfacet
  facet normal 2.615072e-01 9.651207e-01 -1.248717e-02
    outer loop
      vertex 3.552513e+00 -3.840628e-01 3.065789e+01
      vertex 2.272389e+00 3.995755e-03 3.384211e+01
      vertex 2.299709e+00 -3.406747e-03 3.384211e+01
    endloop
  endfacet
  facet normal 3.554973e-01 9.341084e-01 3.260555e-02
    outer loop
      vertex 3.511523e+00 -3.681258e-01 3.065789e+01
      vertex 3.361911e+00 -3.111877e-01 3.065789e+01
      vertex 2.172757e+00 3.022678e-02 3.384211e+01
    endloop
  endfacet
  facet normal 2.545790e-01 9.669516e-01 -1.393318e-02
    outer loop
      vertex 3.511523e+00 -3.681258e-01 3.065789e+01
      vertex 2.172757e+00 3.022678e-02 3.384211e+01
      vertex 2.272389e+00 3.995755e-03 3.384211e+01
    endloop
  endfacet
  facet normal 3.419118e-01 9.391610e-01 3.275631e-02
    outer loop
      vertex 3.361911e+00 -3.111877e-01 3.065789e+01
      vertex 3.108910e+00 -2.190798e-01 3.065789e+01
      vertex 2.004559e+00 7.191127e-02 3.384211e+01
    endloop
  endfacet
  facet normal 2.405284e-01 9.705377e-01 -1.423595e-02
    outer loop
      vertex 3.361911e+00 -3.111877e-01 3.065789e+01
      vertex 2.004559e+00 7.191127e-02 3.384211e+01
      vertex 2.172757e+00 3.022678e-02 3.384211e+01
    endloop
  endfacet
  facet normal 3.227507e-01 9.458977e-01 3.330855e-02
    outer loop
      vertex 3.108910e+00 -2.190798e-01 3.065789e+01
      vertex 2.763608e+00 -1.012590e-01 3.065789e+01
      vertex 1.775538e+00 1.237538e-01 3.384211e+01
    endloop
  endfacet
  facet normal 2.207616e-01 9.752469e-01 -1.255884e-02
    outer loop
      vertex 3.108910e+00 -2.190798e-01 3.065789e+01
      vertex 1.775538e+00 1.237538e-01 3.384211e+01
      vertex 2.004559e+00 7.191127e-02 3.384211e+01
    endloop
  endfacet
  facet normal 2.991176e-01 9.535777e-01 3.490300e-02
    outer loop
      vertex 2.763608e+00 -1.012590e-01 3.065789e+01
      vertex 2.341621e+00 3.110958e-02 3.065789e+01
      vertex 1.496447e+00 1.796743e-01 3.384211e+01
    endloop
  endfacet
  facet normal 1.964553e-01 9.804774e-01 -8.324904e-03
    outer loop
      vertex 2.763608e+00 -1.012590e-01 3.065789e+01
      vertex 1.496447e+00 1.796743e-01 3.384211e+01
      vertex 1.775538e+00 1.237538e-01 3.384211e+01
    endloop
  endfacet
  facet normal 2.733446e-01 9.612125e-01 3.678791e-02
    outer loop
      vertex 2.341621e+00 3.110958e-02 3.065789e+01
      vertex 1.933655e+00 1.471249e-01 3.065789e+01
      vertex 1.227445e+00 2.260859e-01 3.384211e+01
    endloop
  endfacet
  facet normal 1.700202e-01 9.854402e-01 -8.494795e-04
    outer loop
      vertex 2.341621e+00 3.110958e-02 3.065789e+01
      vertex 1.227445e+00 2.260859e-01 3.384211e+01
      vertex 1.496447e+00 1.796743e-01 3.384211e+01
    endloop
  endfacet
  facet normal 2.423261e-01 9.693298e-01 4.096139e-02
    outer loop
      vertex 1.933655e+00 1.471249e-01 3.065789e+01
      vertex 1.423676e+00 2.746163e-01 3.065789e+01
      vertex 8.923746e-01 2.728816e-01 3.384211e+01
    endloop
  endfacet
  facet normal 1.383145e-01 9.903695e-01 6.117238e-03
    outer loop
      vertex 1.933655e+00 1.471249e-01 3.065789e+01
      vertex 8.923746e-01 2.728816e-01 3.384211e+01
      vertex 1.227445e+00 2.260859e-01 3.384211e+01
    endloop
  endfacet
  facet normal 2.008122e-01 9.785739e-01 4.547034e-02
    outer loop
      vertex 1.423676e+00 2.746163e-01 3.065789e+01
      vertex 9.005547e-01 3.819655e-01 3.065789e+01
      vertex 5.502680e-01 3.058902e-01 3.384211e+01
    endloop
  endfacet
  facet normal 9.602719e-02 9.952409e-01 1.656481e-02
    outer loop
      vertex 1.423676e+00 2.746163e-01 3.065789e+01
      vertex 5.502680e-01 3.058902e-01 3.384211e+01
      vertex 8.923746e-01 2.728816e-01 3.384211e+01
    endloop
  endfacet
  facet normal 1.425824e-01 9.884969e-01 5.044032e-02
    outer loop
      vertex 9.005547e-01 3.819655e-01 3.065789e+01
      vertex 3.853861e-01 4.562742e-01 3.065789e+01
      vertex 2.155050e-01 3.182965e-01 3.384211e+01
    endloop
  endfacet
  facet normal 3.702008e-02 9.989239e-01 2.793818e-02
    outer loop
      vertex 9.005547e-01 3.819655e-01 3.065789e+01
      vertex 2.155050e-01 3.182965e-01 3.384211e+01
      vertex 5.502680e-01 3.058902e-01 3.384211e+01
    endloop
  endfacet
  facet normal 5.835024e-02 9.966927e-01 5.655836e-02
    outer loop
      vertex 3.853861e-01 4.562742e-01 3.065789e+01
      vertex -9.324439e-02 4.842951e-01 3.065789e+01
      vertex -9.271638e-02 3.035729e-01 3.384211e+01
    endloop
  endfacet
  facet normal -4.767576e-02 9.980332e-01 4.070307e-02
    outer loop
      vertex 3.853861e-01 4.562742e-01 3.065789e+01
      vertex -9.271638e-02 3.035729e-01 3.384211e+01
      vertex 2.155050e-01 3.182965e-01 3.384211e+01
    endloop
  endfacet
  facet normal -4.797876e-02 9.967015e-01 6.545359e-02
    outer loop
      vertex -9.324439e-02 4.842951e-01 3.065789e+01
      vertex -5.079476e-01 4.643323e-01 3.065789e+01
      vertex -3.567524e-01 2.625027e-01 3.384211e+01
    endloop
  endfacet
  facet normal -1.534579e-01 9.865660e-01 5.601874e-02
    outer loop
      vertex -9.324439e-02 4.842951e-01 3.065789e+01
      vertex -3.567524e-01 2.625027e-01 3.384211e+01
      vertex -9.271638e-02 3.035729e-01 3.384211e+01
    endloop
  endfacet
  facet normal -1.759987e-01 9.813899e-01 7.680106e-02
    outer loop
      vertex -5.079476e-01 4.643323e-01 3.065789e+01
      vertex -7.954086e-01 4.127802e-01 3.065789e+01
      vertex -5.372017e-01 2.098978e-01 3.384211e+01
    endloop
  endfacet
  facet normal -2.791056e-01 9.574097e-01 7.393765e-02
    outer loop
      vertex -5.079476e-01 4.643323e-01 3.065789e+01
      vertex -5.372017e-01 2.098978e-01 3.384211e+01
      vertex -3.567524e-01 2.625027e-01 3.384211e+01
    endloop
  endfacet
  facet normal -3.554424e-01 9.300027e-01 9.357157e-02
    outer loop
      vertex -7.954086e-01 4.127802e-01 3.065789e+01
      vertex -1.035954e+00 3.208449e-01 3.065789e+01
      vertex -6.848712e-01 1.346499e-01 3.384211e+01
    endloop
  endfacet
  facet normal -4.520467e-01 8.871141e-01 9.317893e-02
    outer loop
      vertex -7.954086e-01 4.127802e-01 3.065789e+01
      vertex -6.848712e-01 1.346499e-01 3.384211e+01
      vertex -5.372017e-01 2.098978e-01 3.384211e+01
    endloop
  endfacet
  facet normal -6.679855e-01 7.343923e-01 1.202632e-01
    outer loop
      vertex -1.035954e+00 3.208449e-01 3.065789e+01
      vertex -1.163573e+00 2.047661e-01 3.065789e+01
      vertex -7.586235e-01 5.165562e-02 3.384211e+01
    endloop
  endfacet
  facet normal -7.420646e-01 6.594310e-01 1.203780e-01
    outer loop
      vertex -1.035954e+00 3.208449e-01 3.065789e+01
      vertex -7.586235e-01 5.165562e-02 3.384211e+01
      vertex -6.848712e-01 1.346499e-01 3.384211e+01
    endloop
  endfacet
  facet normal -9.883956e-01 7.503134e-02 1.320775e-01
    outer loop
      vertex -1.163573e+00 2.047661e-01 3.065789e+01
      vertex -1.173449e+00 7.466074e-02 3.065789e+01
      vertex -7.560674e-01 -3.228187e-02 3.384211e+01
    endloop
  endfacet
  facet normal -9.917384e-01 -3.020142e-02 1.246712e-01
    outer loop
      vertex -1.163573e+00 2.047661e-01 3.065789e+01
      vertex -7.560674e-01 -3.228187e-02 3.384211e+01
      vertex -7.586235e-01 5.165562e-02 3.384211e+01
    endloop
  endfacet
  facet normal -7.508849e-01 -6.555870e-01 7.985956e-02
    outer loop
      vertex -1.173449e+00 7.466074e-02 3.065789e+01
      vertex -1.067132e+00 -4.711099e-02 3.065789e+01
      vertex -6.797192e-01 -1.029584e-01 3.384211e+01
    endloop
  endfacet
  facet normal -6.779196e-01 -7.323216e-01 6.426552e-02
    outer loop
      vertex -1.173449e+00 7.466074e-02 3.065789e+01
      vertex -6.797192e-01 -1.029584e-01 3.384211e+01
      vertex -7.560674e-01 -3.228187e-02 3.384211e+01
    endloop
  endfacet
  facet normal -4.407382e-01 -8.966036e-01 4.303314e-02
    outer loop
      vertex -1.067132e+00 -4.711099e-02 3.065789e+01
      vertex -8.518501e-01 -1.529359e-01 3.065789e+01
      vertex -5.347247e-01 -1.559949e-01 3.384211e+01
    endloop
  endfacet
  facet normal -3.434130e-01 -9.388433e-01 2.531574e-02
    outer loop
      vertex -1.067132e+00 -4.711099e-02 3.065789e+01
      vertex -5.347247e-01 -1.559949e-01 3.384211e+01
      vertex -6.797192e-01 -1.029584e-01 3.384211e+01
    endloop
  endfacet
  facet normal -2.750550e-01 -9.608852e-01 3.231598e-02
    outer loop
      vertex -8.518501e-01 -1.529359e-01 3.065789e+01
      vertex -5.894382e-01 -2.280518e-01 3.065789e+01
      vertex -3.616637e-01 -1.861629e-01 3.384211e+01
    endloop
  endfacet
  facet normal -1.717080e-01 -9.850154e-01 1.615465e-02
    outer loop
      vertex -8.518501e-01 -1.529359e-01 3.065789e+01
      vertex -3.616637e-01 -1.861629e-01 3.384211e+01
      vertex -5.347247e-01 -1.559949e-01 3.384211e+01
    endloop
  endfacet
  facet normal -1.738172e-01 -9.842004e-01 3.372216e-02
    outer loop
      vertex -5.894382e-01 -2.280518e-01 3.065789e+01
      vertex -2.058670e-01 -2.957933e-01 3.065789e+01
      vertex -1.115674e-01 -2.033451e-01 3.384211e+01
    endloop
  endfacet
  facet normal -6.852952e-02 -9.974863e-01 1.802419e-02
    outer loop
      vertex -5.894382e-01 -2.280518e-01 3.065789e+01
      vertex -1.115674e-01 -2.033451e-01 3.384211e+01
      vertex -3.616637e-01 -1.861629e-01 3.384211e+01
    endloop
  endfacet
  facet normal -1.056060e-01 -9.935352e-01 4.165538e-02
    outer loop
      vertex -2.058670e-01 -2.957933e-01 3.065789e+01
      vertex 2.438618e-01 -3.435964e-01 3.065789e+01
      vertex 1.795075e-01 -2.032534e-01 3.384211e+01
    endloop
  endfacet
  facet normal 3.149083e-04 -9.995790e-01 2.901177e-02
    outer loop
      vertex -2.058670e-01 -2.957933e-01 3.065789e+01
      vertex 1.795075e-01 -2.032534e-01 3.384211e+01
      vertex -1.115674e-01 -2.033451e-01 3.384211e+01
    endloop
  endfacet
  facet normal -6.597757e-02 -9.964009e-01 5.321837e-02
    outer loop
      vertex 2.438618e-01 -3.435964e-01 3.065789e+01
      vertex 7.398503e-01 -3.764387e-01 3.065789e+01
      vertex 4.991665e-01 -1.904310e-01 3.384211e+01
    endloop
  endfacet
  facet normal 4.004018e-02 -9.981930e-01 4.480425e-02
    outer loop
      vertex 2.438618e-01 -3.435964e-01 3.065789e+01
      vertex 4.991665e-01 -1.904310e-01 3.384211e+01
      vertex 1.795075e-01 -2.032534e-01 3.384211e+01
    endloop
  endfacet
  facet normal -3.849925e-02 -9.970410e-01 6.653683e-02
    outer loop
      vertex 7.398503e-01 -3.764387e-01 3.065789e+01
      vertex 1.263514e+00 -3.966592e-01 3.065789e+01
      vertex 8.356758e-01 -1.676428e-01 3.384211e+01
    endloop
  endfacet
  facet normal 6.742936e-02 -9.957164e-01 6.326217e-02
    outer loop
      vertex 7.398503e-01 -3.764387e-01 3.065789e+01
      vertex 8.356758e-01 -1.676428e-01 3.384211e+01
      vertex 4.991665e-01 -1.904310e-01 3.384211e+01
    endloop
  endfacet
  facet normal -1.862870e-02 -9.965968e-01 8.029803e-02
    outer loop
      vertex 1.263514e+00 -3.966592e-01 3.065789e+01
      vertex 1.784227e+00 -4.063925e-01 3.065789e+01
      vertex 1.169581e+00 -1.383444e-01 3.384211e+01
    endloop
  endfacet
  facet normal 8.710637e-02 -9.927267e-01 8.310322e-02
    outer loop
      vertex 1.263514e+00 -3.966592e-01 3.065789e+01
      vertex 1.169581e+00 -1.383444e-01 3.384211e+01
      vertex 8.356758e-01 -1.676428e-01 3.384211e+01
    endloop
  endfacet
  facet normal -7.678190e-03 -9.957848e-01 9.139847e-02
    outer loop
      vertex 1.784227e+00 -4.063925e-01 3.065789e+01
      vertex 2.208588e+00 -4.096646e-01 3.065789e+01
      vertex 1.441383e+00 -1.114850e-01 3.384211e+01
    endloop
  endfacet
  facet normal 9.782570e-02 -9.899403e-01 1.022168e-01
    outer loop
      vertex 1.784227e+00 -4.063925e-01 3.065789e+01
      vertex 1.441383e+00 -1.114850e-01 3.384211e+01
      vertex 1.169581e+00 -1.383444e-01 3.384211e+01
    endloop
  endfacet
  facet normal -5.782061e-04 -9.947278e-01 1.025489e-01
    outer loop
      vertex 2.208588e+00 -4.096646e-01 3.065789e+01
      vertex 2.656120e+00 -4.099248e-01 3.065789e+01
      vertex 1.727808e+00 -8.111712e-02 3.384211e+01
    endloop
  endfacet
  facet normal 1.047001e-01 -9.875143e-01 1.177005e-01
    outer loop
      vertex 2.208588e+00 -4.096646e-01 3.065789e+01
      vertex 1.727808e+00 -8.111712e-02 3.384211e+01
      vertex 1.441383e+00 -1.114850e-01 3.384211e+01
    endloop
  endfacet
  facet normal 5.542278e-03 -9.936696e-01 1.122049e-01
    outer loop
      vertex 2.656120e+00 -4.099248e-01 3.065789e+01
      vertex 3.030947e+00 -4.078341e-01 3.065789e+01
      vertex 1.967544e+00 -5.420532e-02 3.384211e+01
    endloop
  endfacet
  facet normal 1.105505e-01 -9.848063e-01 1.339224e-01
    outer loop
      vertex 2.656120e+00 -4.099248e-01 3.065789e+01
      vertex 1.967544e+00 -5.420532e-02 3.384211e+01
      vertex 1.727808e+00 -8.111712e-02 3.384211e+01
    endloop
  endfacet
  facet normal 1.106047e-02 -9.927172e-01 1.199589e-01
    outer loop
      vertex 3.030947e+00 -4.078341e-01 3.065789e+01
      vertex 3.313783e+00 -4.046829e-01 3.065789e+01
      vertex 2.148336e+00 -3.289116e-02 3.384211e+01
    endloop
  endfacet
  facet normal 1.157974e-01 -9.822218e-01 1.477545e-01
    outer loop
      vertex 3.030947e+00 -4.078341e-01 3.065789e+01
      vertex 2.148336e+00 -3.289116e-02 3.384211e+01
      vertex 1.967544e+00 -5.420532e-02 3.384211e+01
    endloop
  endfacet
  facet normal 1.564370e-02 -9.919963e-01 1.252941e-01
    outer loop
      vertex 3.313783e+00 -4.046829e-01 3.065789e+01
      vertex 3.489781e+00 -4.019074e-01 3.065789e+01
      vertex 2.260780e+00 -1.910690e-02 3.384211e+01
    endloop
  endfacet
  facet normal 1.201407e-01 -9.800382e-01 1.584028e-01
    outer loop
      vertex 3.313783e+00 -4.046829e-01 3.065789e+01
      vertex 2.260780e+00 -1.910690e-02 3.384211e+01
      vertex 2.148336e+00 -3.289116e-02 3.384211e+01
    endloop
  endfacet
  facet normal 1.831623e-02 -9.916623e-01 1.275554e-01
    outer loop
      vertex 3.489781e+00 -4.019074e-01 3.065789e+01
      vertex 3.549524e+00 -4.008039e-01 3.065789e+01
      vertex 2.298939e+00 -1.432448e-02 3.384211e+01
    endloop
  endfacet
  facet normal 1.226516e-01 -9.786393e-01 1.649899e-01
    outer loop
      vertex 3.489781e+00 -4.019074e-01 3.065789e+01
      vertex 2.298939e+00 -1.432448e-02 3.384211e+01
      vertex 2.260780e+00 -1.910690e-02 3.384211e+01
    endloop
  endfacet
  facet normal 2.615130e-01 9.651422e-01 1.056236e-02
    outer loop
      vertex 2.299709e+00 -3.406747e-03 3.384211e+01
      vertex 2.272389e+00 3.995755e-03 3.384211e+01
      vertex 2.943046e+00 -2.125716e-01 3.702632e+01
    endloop
  endfacet
  facet normal 3.320363e-01 9.432527e-01 -5.124023e-03
    outer loop
      vertex 2.299709e+00 -3.406747e-03 3.384211e+01
      vertex 2.943046e+00 -2.125716e-01 3.702632e+01
      vertex 2.977715e+00 -2.247754e-01 3.702632e+01
    endloop
  endfacet
  facet normal 2.545933e-01 9.670059e-01 9.046290e-03
    outer loop
      vertex 2.272389e+00 3.995755e-03 3.384211e+01
      vertex 2.172757e+00 3.022678e-02 3.384211e+01
      vertex 2.816540e+00 -1.690564e-01 3.702632e+01
    endloop
  endfacet
  facet normal 3.252693e-01 9.456121e-01 -4.194235e-03
    outer loop
      vertex 2.272389e+00 3.995755e-03 3.384211e+01
      vertex 2.816540e+00 -1.690564e-01 3.702632e+01
      vertex 2.943046e+00 -2.125716e-01 3.702632e+01
    endloop
  endfacet
  facet normal 2.405471e-01 9.706130e-01 6.897315e-03
    outer loop
      vertex 2.172757e+00 3.022678e-02 3.384211e+01
      vertex 2.004559e+00 7.191127e-02 3.384211e+01
      vertex 2.602724e+00 -9.895929e-02 3.702632e+01
    endloop
  endfacet
  facet normal 3.115226e-01 9.502323e-01 -3.513425e-03
    outer loop
      vertex 2.172757e+00 3.022678e-02 3.384211e+01
      vertex 2.602724e+00 -9.895929e-02 3.702632e+01
      vertex 2.816540e+00 -1.690564e-01 3.702632e+01
    endloop
  endfacet
  facet normal 2.207774e-01 9.753168e-01 3.797254e-03
    outer loop
      vertex 2.004559e+00 7.191127e-02 3.384211e+01
      vertex 1.775538e+00 1.237538e-01 3.384211e+01
      vertex 2.311116e+00 -9.879644e-03 3.702632e+01
    endloop
  endfacet
  facet normal 2.921487e-01 9.563663e-01 -3.560718e-03
    outer loop
      vertex 2.004559e+00 7.191127e-02 3.384211e+01
      vertex 2.311116e+00 -9.879644e-03 3.702632e+01
      vertex 2.602724e+00 -9.895929e-02 3.702632e+01
    endloop
  endfacet
  facet normal 1.964621e-01 9.805113e-01 -4.605538e-04
    outer loop
      vertex 1.775538e+00 1.237538e-01 3.384211e+01
      vertex 1.496447e+00 1.796743e-01 3.384211e+01
      vertex 1.955062e+00 8.927859e-02 3.702632e+01
    endloop
  endfacet
  facet normal 2.682798e-01 9.633296e-01 -4.695639e-03
    outer loop
      vertex 1.775538e+00 1.237538e-01 3.384211e+01
      vertex 1.955062e+00 8.927859e-02 3.702632e+01
      vertex 2.311116e+00 -9.879644e-03 3.702632e+01
    endloop
  endfacet
  facet normal 1.700184e-01 9.854296e-01 -4.726896e-03
    outer loop
      vertex 1.496447e+00 1.796743e-01 3.384211e+01
      vertex 1.227445e+00 2.260859e-01 3.384211e+01
      vertex 1.611161e+00 1.751563e-01 3.702632e+01
    endloop
  endfacet
  facet normal 2.422702e-01 9.701810e-01 -7.351479e-03
    outer loop
      vertex 1.496447e+00 1.796743e-01 3.384211e+01
      vertex 1.611161e+00 1.751563e-01 3.702632e+01
      vertex 1.955062e+00 8.927859e-02 3.702632e+01
    endloop
  endfacet
  facet normal 1.383087e-01 9.903280e-01 -1.100785e-02
    outer loop
      vertex 1.227445e+00 2.260859e-01 3.384211e+01
      vertex 8.923746e-01 2.728816e-01 3.384211e+01
      vertex 1.181741e+00 2.678624e-01 3.702632e+01
    endloop
  endfacet
  facet normal 2.110150e-01 9.774338e-01 -9.795118e-03
    outer loop
      vertex 1.227445e+00 2.260859e-01 3.384211e+01
      vertex 1.181741e+00 2.678624e-01 3.702632e+01
      vertex 1.611161e+00 1.751563e-01 3.702632e+01
    endloop
  endfacet
  facet normal 9.602566e-02 9.952250e-01 -1.749888e-02
    outer loop
      vertex 8.923746e-01 2.728816e-01 3.384211e+01
      vertex 5.502680e-01 3.058902e-01 3.384211e+01
      vertex 7.418885e-01 3.433889e-01 3.702632e+01
    endloop
  endfacet
  facet normal 1.692157e-01 9.854821e-01 -1.382418e-02
    outer loop
      vertex 8.923746e-01 2.728816e-01 3.384211e+01
      vertex 7.418885e-01 3.433889e-01 3.702632e+01
      vertex 1.181741e+00 2.678624e-01 3.702632e+01
    endloop
  endfacet
  facet normal 3.702381e-02 9.990244e-01 -2.407101e-02
    outer loop
      vertex 5.502680e-01 3.058902e-01 3.384211e+01
      vertex 2.155050e-01 3.182965e-01 3.384211e+01
      vertex 3.095713e-01 3.915324e-01 3.702632e+01
    endloop
  endfacet
  facet normal 1.106587e-01 9.936888e-01 -1.836139e-02
    outer loop
      vertex 5.502680e-01 3.058902e-01 3.384211e+01
      vertex 3.095713e-01 3.915324e-01 3.702632e+01
      vertex 7.418885e-01 3.433889e-01 3.702632e+01
    endloop
  endfacet
  facet normal -4.769261e-02 9.983860e-01 -3.083515e-02
    outer loop
      vertex 2.155050e-01 3.182965e-01 3.384211e+01
      vertex -9.271638e-02 3.035729e-01 3.384211e+01
      vertex -9.097531e-02 4.020004e-01 3.702632e+01
    endloop
  endfacet
  facet normal 2.611783e-02 9.993765e-01 -2.375693e-02
    outer loop
      vertex 2.155050e-01 3.182965e-01 3.384211e+01
      vertex -9.097531e-02 4.020004e-01 3.702632e+01
      vertex 3.095713e-01 3.915324e-01 3.702632e+01
    endloop
  endfacet
  facet normal -1.535855e-01 9.873861e-01 -3.847246e-02
    outer loop
      vertex -9.271638e-02 3.035729e-01 3.384211e+01
      vertex -3.567524e-01 2.625027e-01 3.384211e+01
      vertex -4.368279e-01 3.741166e-01 3.702632e+01
    endloop
  endfacet
  facet normal -8.032459e-02 9.962943e-01 -3.075265e-02
    outer loop
      vertex -9.271638e-02 3.035729e-01 3.384211e+01
      vertex -4.368279e-01 3.741166e-01 3.702632e+01
      vertex -9.097531e-02 4.020004e-01 3.702632e+01
    endloop
  endfacet
  facet normal -2.795716e-01 9.590080e-01 -4.629624e-02
    outer loop
      vertex -3.567524e-01 2.625027e-01 3.384211e+01
      vertex -5.372017e-01 2.098978e-01 3.384211e+01
      vertex -6.755441e-01 3.232862e-01 3.702632e+01
    endloop
  endfacet
  facet normal -2.081007e-01 9.773099e-01 -3.949020e-02
    outer loop
      vertex -3.567524e-01 2.625027e-01 3.384211e+01
      vertex -6.755441e-01 3.232862e-01 3.702632e+01
      vertex -4.368279e-01 3.741166e-01 3.702632e+01
    endloop
  endfacet
  facet normal -4.533005e-01 8.895747e-01 -5.635122e-02
    outer loop
      vertex -5.372017e-01 2.098978e-01 3.384211e+01
      vertex -6.848712e-01 1.346499e-01 3.384211e+01
      vertex -8.739813e-01 2.399929e-01 3.702632e+01
    endloop
  endfacet
  facet normal -3.865577e-01 9.209311e-01 -4.958850e-02
    outer loop
      vertex -5.372017e-01 2.098978e-01 3.384211e+01
      vertex -8.739813e-01 2.399929e-01 3.702632e+01
      vertex -6.755441e-01 3.232862e-01 3.702632e+01
    endloop
  endfacet
  facet normal -7.456907e-01 6.626532e-01 -6.954215e-02
    outer loop
      vertex -6.848712e-01 1.346499e-01 3.384211e+01
      vertex -7.586235e-01 5.165562e-02 3.384211e+01
      vertex -9.774407e-01 1.395854e-01 3.702632e+01
    endloop
  endfacet
  facet normal -6.949723e-01 7.160957e-01 -6.496491e-02
    outer loop
      vertex -6.848712e-01 1.346499e-01 3.384211e+01
      vertex -9.774407e-01 1.395854e-01 3.702632e+01
      vertex -8.739813e-01 2.399929e-01 3.702632e+01
    endloop
  endfacet
  facet normal -9.970707e-01 -3.036381e-02 -7.020053e-02
    outer loop
      vertex -7.586235e-01 5.165562e-02 3.384211e+01
      vertex -7.560674e-01 -3.228187e-02 3.384211e+01
      vertex -9.821737e-01 3.064437e-02 3.702632e+01
    endloop
  endfacet
  facet normal -9.966290e-01 4.329885e-02 -6.968345e-02
    outer loop
      vertex -7.586235e-01 5.165562e-02 3.384211e+01
      vertex -9.821737e-01 3.064437e-02 3.702632e+01
      vertex -9.774407e-01 1.395854e-01 3.702632e+01
    endloop
  endfacet
  facet normal -6.788627e-01 -7.333404e-01 -3.684157e-02
    outer loop
      vertex -7.560674e-01 -3.228187e-02 3.384211e+01
      vertex -6.797192e-01 -1.029584e-01 3.384211e+01
      vertex -8.900778e-01 -6.819507e-02 3.702632e+01
    endloop
  endfacet
  facet normal -7.310838e-01 -6.812033e-01 -3.845131e-02
    outer loop
      vertex -7.560674e-01 -3.228187e-02 3.384211e+01
      vertex -8.900778e-01 -6.819507e-02 3.702632e+01
      vertex -9.821737e-01 3.064437e-02 3.702632e+01
    endloop
  endfacet
  facet normal -3.434729e-01 -9.390072e-01 -1.708473e-02
    outer loop
      vertex -6.797192e-01 -1.029584e-01 3.384211e+01
      vertex -5.347247e-01 -1.559949e-01 3.384211e+01
      vertex -7.073973e-01 -1.507692e-01 3.702632e+01
    endloop
  endfacet
  facet normal -4.118287e-01 -9.110978e-01 -1.725984e-02
    outer loop
      vertex -6.797192e-01 -1.029584e-01 3.384211e+01
      vertex -7.073973e-01 -1.507692e-01 3.702632e+01
      vertex -8.900778e-01 -6.819507e-02 3.702632e+01
    endloop
  endfacet
  facet normal -1.717159e-01 -9.850610e-01 -1.298117e-02
    outer loop
      vertex -5.347247e-01 -1.559949e-01 3.384211e+01
      vertex -3.616637e-01 -1.861629e-01 3.384211e+01
      vertex -4.861802e-01 -2.064188e-01 3.702632e+01
    endloop
  endfacet
  facet normal -2.439438e-01 -9.697195e-01 -1.163709e-02
    outer loop
      vertex -5.347247e-01 -1.559949e-01 3.384211e+01
      vertex -4.861802e-01 -2.064188e-01 3.702632e+01
      vertex -7.073973e-01 -1.507692e-01 3.702632e+01
    endloop
  endfacet
  facet normal -6.853125e-02 -9.975114e-01 -1.656826e-02
    outer loop
      vertex -3.616637e-01 -1.861629e-01 3.384211e+01
      vertex -1.115674e-01 -2.033451e-01 3.384211e+01
      vertex -1.639608e-01 -2.526340e-01 3.702632e+01
    endloop
  endfacet
  facet normal -1.419647e-01 -9.898008e-01 -1.184792e-02
    outer loop
      vertex -3.616637e-01 -1.861629e-01 3.384211e+01
      vertex -1.639608e-01 -2.526340e-01 3.702632e+01
      vertex -4.861802e-01 -2.064188e-01 3.702632e+01
    endloop
  endfacet
  facet normal 3.149484e-04 -9.997065e-01 -2.422618e-02
    outer loop
      vertex -1.115674e-01 -2.033451e-01 3.384211e+01
      vertex 1.795075e-01 -2.032534e-01 3.384211e+01
      vertex 2.129796e-01 -2.804067e-01 3.702632e+01
    endloop
  endfacet
  facet normal -7.347010e-02 -9.971585e-01 -1.664406e-02
    outer loop
      vertex -1.115674e-01 -2.033451e-01 3.384211e+01
      vertex 2.129796e-01 -2.804067e-01 3.702632e+01
      vertex -1.639608e-01 -2.526340e-01 3.702632e+01
    endloop
  endfacet
  facet normal 4.005693e-02 -9.986106e-01 -3.423898e-02
    outer loop
      vertex 1.795075e-01 -2.032534e-01 3.384211e+01
      vertex 4.991665e-01 -1.904310e-01 3.384211e+01
      vertex 6.281552e-01 -2.944327e-01 3.702632e+01
    endloop
  endfacet
  facet normal -3.375441e-02 -9.991454e-01 -2.385445e-02
    outer loop
      vertex 1.795075e-01 -2.032534e-01 3.384211e+01
      vertex 6.281552e-01 -2.944327e-01 3.702632e+01
      vertex 2.129796e-01 -2.804067e-01 3.702632e+01
    endloop
  endfacet
  facet normal 6.749495e-02 -9.966849e-01 -4.542686e-02
    outer loop
      vertex 4.991665e-01 -1.904310e-01 3.384211e+01
      vertex 8.356758e-01 -1.676428e-01 3.384211e+01
      vertex 1.066106e+00 -2.971680e-01 3.702632e+01
    endloop
  endfacet
  facet normal -6.242080e-03 -9.994558e-01 -3.239106e-02
    outer loop
      vertex 4.991665e-01 -1.904310e-01 3.384211e+01
      vertex 1.066106e+00 -2.971680e-01 3.702632e+01
      vertex 6.281552e-01 -2.944327e-01 3.702632e+01
    endloop
  endfacet
  facet normal 8.726740e-02 -9.945619e-01 -5.684188e-02
    outer loop
      vertex 8.356758e-01 -1.676428e-01 3.384211e+01
      vertex 1.169581e+00 -1.383444e-01 3.384211e+01
      vertex 1.501309e+00 -2.912232e-01 3.702632e+01
    endloop
  endfacet
  facet normal 1.364654e-02 -9.990401e-01 -4.162583e-02
    outer loop
      vertex 8.356758e-01 -1.676428e-01 3.384211e+01
      vertex 1.501309e+00 -2.912232e-01 3.702632e+01
      vertex 1.066106e+00 -2.971680e-01 3.702632e+01
    endloop
  endfacet
  facet normal 9.812574e-02 -9.929765e-01 -6.609817e-02
    outer loop
      vertex 1.169581e+00 -1.383444e-01 3.384211e+01
      vertex 1.441383e+00 -1.114850e-01 3.384211e+01
      vertex 1.855856e+00 -2.824860e-01 3.702632e+01
    endloop
  endfacet
  facet normal 2.460447e-02 -9.984210e-01 -5.049899e-02
    outer loop
      vertex 1.169581e+00 -1.383444e-01 3.384211e+01
      vertex 1.855856e+00 -2.824860e-01 3.702632e+01
      vertex 1.501309e+00 -2.912232e-01 3.702632e+01
    endloop
  endfacet
  facet normal 1.051314e-01 -9.915822e-01 -7.557810e-02
    outer loop
      vertex 1.441383e+00 -1.114850e-01 3.384211e+01
      vertex 1.727808e+00 -8.111712e-02 3.384211e+01
      vertex 2.229677e+00 -2.706066e-01 3.702632e+01
    endloop
  endfacet
  facet normal 3.170938e-02 -9.978295e-01 -5.771368e-02
    outer loop
      vertex 1.441383e+00 -1.114850e-01 3.384211e+01
      vertex 2.229677e+00 -2.706066e-01 3.702632e+01
      vertex 1.855856e+00 -2.824860e-01 3.702632e+01
    endloop
  endfacet
  facet normal 1.111641e-01 -9.902724e-01 -8.368519e-02
    outer loop
      vertex 1.727808e+00 -8.111712e-02 3.384211e+01
      vertex 1.967544e+00 -5.420532e-02 3.384211e+01
      vertex 2.542705e+00 -2.587289e-01 3.702632e+01
    endloop
  endfacet
  facet normal 3.783644e-02 -9.971479e-01 -6.530283e-02
    outer loop
      vertex 1.727808e+00 -8.111712e-02 3.384211e+01
      vertex 2.542705e+00 -2.587289e-01 3.702632e+01
      vertex 2.229677e+00 -2.706066e-01 3.702632e+01
    endloop
  endfacet
  facet normal 1.166069e-01 -9.890875e-01 -9.004821e-02
    outer loop
      vertex 1.967544e+00 -5.420532e-02 3.384211e+01
      vertex 2.148336e+00 -3.289116e-02 3.384211e+01
      vertex 2.778866e+00 -2.484517e-01 3.702632e+01
    endloop
  endfacet
  facet normal 4.336406e-02 -9.964733e-01 -7.183682e-02
    outer loop
      vertex 1.967544e+00 -5.420532e-02 3.384211e+01
      vertex 2.778866e+00 -2.484517e-01 3.702632e+01
      vertex 2.542705e+00 -2.587289e-01 3.702632e+01
    endloop
  endfacet
  facet normal 1.211350e-01 -9.881490e-01 -9.427524e-02
    outer loop
      vertex 2.148336e+00 -3.289116e-02 3.384211e+01
      vertex 2.260780e+00 -1.910690e-02 3.384211e+01
      vertex 2.925798e+00 -2.413762e-01 3.702632e+01
    endloop
  endfacet
  facet normal 4.795650e-02 -9.958837e-01 -7.691428e-02
    outer loop
      vertex 2.148336e+00 -3.289116e-02 3.384211e+01
      vertex 2.925798e+00 -2.413762e-01 3.702632e+01
      vertex 2.778866e+00 -2.484517e-01 3.702632e+01
    endloop
  endfacet
  facet normal 1.237822e-01 -9.876600e-01 -9.594594e-02
    outer loop
      vertex 2.260780e+00 -1.910690e-02 3.384211e+01
      vertex 2.298939e+00 -1.432448e-02 3.384211e+01
      vertex 2.975671e+00 -2.388397e-01 3.702632e+01
    endloop
  endfacet
  facet normal 5.063213e-02 -9.955029e-01 -8.006414e-02
    outer loop
      vertex 2.260780e+00 -1.910690e-02 3.384211e+01
      vertex 2.975671e+00 -2.388397e-01 3.702632e+01
      vertex 2.925798e+00 -2.413762e-01 3.702632e+01
    endloop
  endfacet
  facet normal 3.320309e-01 9.432374e-01 7.655189e-03
    outer loop
      vertex 2.977715e+00 -2.247754e-01 3.702632e+01
      vertex 2.943046e+00 -2.125716e-01 3.702632e+01
      vertex 2.731884e+00 -1.640827e-01 4.021053e+01
    endloop
  endfacet
  facet normal 3.205835e-01 9.471966e-01 6.695946e-03
    outer loop
      vertex 2.977715e+00 -2.247754e-01 3.702632e+01
      vertex 2.731884e+00 -1.640827e-01 4.021053e+01
      vertex 2.764174e+00 -1.750115e-01 4.021053e+01
    endloop
  endfacet
  facet normal 3.252626e-01 9.455928e-01 7.642480e-03
    outer loop
      vertex 2.943046e+00 -2.125716e-01 3.702632e+01
      vertex 2.816540e+00 -1.690564e-01 3.702632e+01
      vertex 2.614068e+00 -1.251463e-01 4.021053e+01
    endloop
  endfacet
  facet normal 3.137877e-01 9.494719e-01 6.350448e-03
    outer loop
      vertex 2.943046e+00 -2.125716e-01 3.702632e+01
      vertex 2.614068e+00 -1.251463e-01 4.021053e+01
      vertex 2.731884e+00 -1.640827e-01 4.021053e+01
    endloop
  endfacet
  facet normal 3.115157e-01 9.502114e-01 7.498567e-03
    outer loop
      vertex 2.816540e+00 -1.690564e-01 3.702632e+01
      vertex 2.602724e+00 -9.895929e-02 3.702632e+01
      vertex 2.414980e+00 -6.253768e-02 4.021053e+01
    endloop
  endfacet
  facet normal 2.999863e-01 9.539252e-01 5.920354e-03
    outer loop
      vertex 2.816540e+00 -1.690564e-01 3.702632e+01
      vertex 2.414980e+00 -6.253768e-02 4.021053e+01
      vertex 2.614068e+00 -1.251463e-01 4.021053e+01
    endloop
  endfacet
  facet normal 2.921426e-01 9.563464e-01 7.361915e-03
    outer loop
      vertex 2.602724e+00 -9.895929e-02 3.702632e+01
      vertex 2.311116e+00 -9.879644e-03 3.702632e+01
      vertex 2.143531e+00 1.680213e-02 4.021053e+01
    endloop
  endfacet
  facet normal 2.805403e-01 9.598261e-01 5.562252e-03
    outer loop
      vertex 2.602724e+00 -9.895929e-02 3.702632e+01
      vertex 2.143531e+00 1.680213e-02 4.021053e+01
      vertex 2.414980e+00 -6.253768e-02 4.021053e+01
    endloop
  endfacet
  facet normal 2.682755e-01 9.633142e-01 7.351427e-03
    outer loop
      vertex 2.311116e+00 -9.879644e-03 3.702632e+01
      vertex 1.955062e+00 8.927859e-02 3.702632e+01
      vertex 1.812198e+00 1.047652e-01 4.021053e+01
    endloop
  endfacet
  facet normal 2.565905e-01 9.665051e-01 5.405675e-03
    outer loop
      vertex 2.311116e+00 -9.879644e-03 3.702632e+01
      vertex 1.812198e+00 1.047652e-01 4.021053e+01
      vertex 2.143531e+00 1.680213e-02 4.021053e+01
    endloop
  endfacet
  facet normal 2.422702e-01 9.701806e-01 7.401870e-03
    outer loop
      vertex 1.955062e+00 8.927859e-02 3.702632e+01
      vertex 1.611161e+00 1.751563e-01 3.702632e+01
      vertex 1.492286e+00 1.805479e-01 4.021053e+01
    endloop
  endfacet
  facet normal 2.305034e-01 9.730554e-01 5.609352e-03
    outer loop
      vertex 1.955062e+00 8.927859e-02 3.702632e+01
      vertex 1.492286e+00 1.805479e-01 4.021053e+01
      vertex 1.812198e+00 1.047652e-01 4.021053e+01
    endloop
  endfacet
  facet normal 2.110187e-01 9.774511e-01 7.772832e-03
    outer loop
      vertex 1.611161e+00 1.751563e-01 3.702632e+01
      vertex 1.181741e+00 2.678624e-01 3.702632e+01
      vertex 1.092984e+00 2.617027e-01 4.021053e+01
    endloop
  endfacet
  facet normal 1.991662e-01 9.799487e-01 5.776144e-03
    outer loop
      vertex 1.611161e+00 1.751563e-01 3.702632e+01
      vertex 1.092984e+00 2.617027e-01 4.021053e+01
      vertex 1.492286e+00 1.805479e-01 4.021053e+01
    endloop
  endfacet
  facet normal 1.692262e-01 9.855431e-01 8.198132e-03
    outer loop
      vertex 1.181741e+00 2.678624e-01 3.702632e+01
      vertex 7.418885e-01 3.433889e-01 3.702632e+01
      vertex 6.841986e-01 3.268073e-01 4.021053e+01
    endloop
  endfacet
  facet normal 1.572782e-01 9.875343e-01 6.294358e-03
    outer loop
      vertex 1.181741e+00 2.678624e-01 3.702632e+01
      vertex 6.841986e-01 3.268073e-01 4.021053e+01
      vertex 1.092984e+00 2.617027e-01 4.021053e+01
    endloop
  endfacet
  facet normal 1.106732e-01 9.938186e-01 8.715099e-03
    outer loop
      vertex 7.418885e-01 3.433889e-01 3.702632e+01
      vertex 3.095713e-01 3.915324e-01 3.702632e+01
      vertex 2.827097e-01 3.666005e-01 4.021053e+01
    endloop
  endfacet
  facet normal 9.862842e-02 9.950999e-01 6.968843e-03
    outer loop
      vertex 7.418885e-01 3.433889e-01 3.702632e+01
      vertex 2.827097e-01 3.666005e-01 4.021053e+01
      vertex 6.841986e-01 3.268073e-01 4.021053e+01
    endloop
  endfacet
  facet normal 2.612404e-02 9.996139e-01 9.460890e-03
    outer loop
      vertex 3.095713e-01 3.915324e-01 3.702632e+01
      vertex -9.097531e-02 4.020004e-01 3.702632e+01
      vertex -8.889045e-02 3.718088e-01 4.021053e+01
    endloop
  endfacet
  facet normal 1.401410e-02 9.998702e-01 7.947080e-03
    outer loop
      vertex 3.095713e-01 3.915324e-01 3.702632e+01
      vertex -8.889045e-02 3.718088e-01 4.021053e+01
      vertex 2.827097e-01 3.666005e-01 4.021053e+01
    endloop
  endfacet
  facet normal -8.035798e-02 9.967083e-01 1.072721e-02
    outer loop
      vertex -9.097531e-02 4.020004e-01 3.702632e+01
      vertex -4.368279e-01 3.741166e-01 3.702632e+01
      vertex -4.093344e-01 3.420627e-01 4.021053e+01
    endloop
  endfacet
  facet normal -9.242624e-02 9.956742e-01 9.501156e-03
    outer loop
      vertex -9.097531e-02 4.020004e-01 3.702632e+01
      vertex -4.093344e-01 3.420627e-01 4.021053e+01
      vertex -8.889045e-02 3.718088e-01 4.021053e+01
    endloop
  endfacet
  facet normal -2.082469e-01 9.779964e-01 1.250416e-02
    outer loop
      vertex -4.368279e-01 3.741166e-01 3.702632e+01
      vertex -6.755441e-01 3.232862e-01 3.702632e+01
      vertex -6.301581e-01 2.922387e-01 4.021053e+01
    endloop
  endfacet
  facet normal -2.200800e-01 9.754114e-01 1.171923e-02
    outer loop
      vertex -4.368279e-01 3.741166e-01 3.702632e+01
      vertex -6.301581e-01 2.922387e-01 4.021053e+01
      vertex -4.093344e-01 3.420627e-01 4.021053e+01
    endloop
  endfacet
  facet normal -3.869888e-01 9.219581e-01 1.526468e-02
    outer loop
      vertex -6.755441e-01 3.232862e-01 3.702632e+01
      vertex -8.739813e-01 2.399929e-01 3.702632e+01
      vertex -8.132607e-01 2.127598e-01 4.021053e+01
    endloop
  endfacet
  facet normal -3.981318e-01 9.172117e-01 1.461799e-02
    outer loop
      vertex -6.755441e-01 3.232862e-01 3.702632e+01
      vertex -8.132607e-01 2.127598e-01 4.021053e+01
      vertex -6.301581e-01 2.922387e-01 4.021053e+01
    endloop
  endfacet
  facet normal -6.963053e-01 7.174692e-01 1.992280e-02
    outer loop
      vertex -8.739813e-01 2.399929e-01 3.702632e+01
      vertex -9.774407e-01 1.395854e-01 3.702632e+01
      vertex -9.080849e-01 1.184756e-01 4.021053e+01
    endloop
  endfacet
  facet normal -7.049506e-01 7.089881e-01 1.950654e-02
    outer loop
      vertex -8.739813e-01 2.399929e-01 3.702632e+01
      vertex -9.080849e-01 1.184756e-01 4.021053e+01
      vertex -8.132607e-01 2.127598e-01 4.021053e+01
    endloop
  endfacet
  facet normal -9.988063e-01 4.339344e-02 2.242746e-02
    outer loop
      vertex -9.774407e-01 1.395854e-01 3.702632e+01
      vertex -9.821737e-01 3.064437e-02 3.702632e+01
      vertex -9.112506e-01 1.738628e-02 4.021053e+01
    endloop
  endfacet
  facet normal -9.992687e-01 3.129215e-02 2.197267e-02
    outer loop
      vertex -9.774407e-01 1.395854e-01 3.702632e+01
      vertex -9.112506e-01 1.738628e-02 4.021053e+01
      vertex -9.080849e-01 1.184756e-01 4.021053e+01
    endloop
  endfacet
  facet normal -7.315539e-01 -6.816413e-01 1.393263e-02
    outer loop
      vertex -9.821737e-01 3.064437e-02 3.702632e+01
      vertex -8.900778e-01 -6.819507e-02 3.702632e+01
      vertex -8.247269e-01 -7.324661e-02 4.021053e+01
    endloop
  endfacet
  facet normal -7.232504e-01 -6.904590e-01 1.323436e-02
    outer loop
      vertex -9.821737e-01 3.064437e-02 3.702632e+01
      vertex -8.247269e-01 -7.324661e-02 4.021053e+01
      vertex -9.112506e-01 1.738628e-02 4.021053e+01
    endloop
  endfacet
  facet normal -4.118778e-01 -9.112064e-01 7.714900e-03
    outer loop
      vertex -8.900778e-01 -6.819507e-02 3.702632e+01
      vertex -7.073973e-01 -1.507692e-01 3.702632e+01
      vertex -6.543740e-01 -1.477767e-01 4.021053e+01
    endloop
  endfacet
  facet normal -4.008130e-01 -9.161349e-01 6.772678e-03
    outer loop
      vertex -8.900778e-01 -6.819507e-02 3.702632e+01
      vertex -6.543740e-01 -1.477767e-01 4.021053e+01
      vertex -8.247269e-01 -7.324661e-02 4.021053e+01
    endloop
  endfacet
  facet normal -2.439563e-01 -9.697690e-01 5.778540e-03
    outer loop
      vertex -7.073973e-01 -1.507692e-01 3.702632e+01
      vertex -4.861802e-01 -2.064188e-01 3.702632e+01
      vertex -4.485834e-01 -1.969030e-01 4.021053e+01
    endloop
  endfacet
  facet normal -2.321929e-01 -9.726580e-01 4.780552e-03
    outer loop
      vertex -7.073973e-01 -1.507692e-01 3.702632e+01
      vertex -4.485834e-01 -1.969030e-01 4.021053e+01
      vertex -6.543740e-01 -1.477767e-01 4.021053e+01
    endloop
  endfacet
  facet normal -1.419723e-01 -9.898537e-01 5.782908e-03
    outer loop
      vertex -4.861802e-01 -2.064188e-01 3.702632e+01
      vertex -1.639608e-01 -2.526340e-01 3.702632e+01
      vertex -1.492254e-01 -2.361447e-01 4.021053e+01
    endloop
  endfacet
  facet normal -1.299728e-01 -9.915074e-01 4.497674e-03
    outer loop
      vertex -4.861802e-01 -2.064188e-01 3.702632e+01
      vertex -1.492254e-01 -2.361447e-01 4.021053e+01
      vertex -4.485834e-01 -1.969030e-01 4.021053e+01
    endloop
  endfacet
  facet normal -7.347856e-02 -9.972734e-01 6.837890e-03
    outer loop
      vertex -1.639608e-01 -2.526340e-01 3.702632e+01
      vertex 2.129796e-01 -2.804067e-01 3.702632e+01
      vertex 2.006759e-01 -2.576674e-01 4.021053e+01
    endloop
  endfacet
  facet normal -6.139384e-02 -9.980987e-01 5.452715e-03
    outer loop
      vertex -1.639608e-01 -2.526340e-01 3.702632e+01
      vertex 2.006759e-01 -2.576674e-01 4.021053e+01
      vertex -1.492254e-01 -2.361447e-01 4.021053e+01
    endloop
  endfacet
  facet normal -3.376280e-02 -9.993940e-01 8.472133e-03
    outer loop
      vertex 2.129796e-01 -2.804067e-01 3.702632e+01
      vertex 6.281552e-01 -2.944327e-01 3.702632e+01
      vertex 5.858836e-01 -2.660113e-01 4.021053e+01
    endloop
  endfacet
  facet normal -2.165502e-02 -9.997406e-01 7.055753e-03
    outer loop
      vertex 2.129796e-01 -2.804067e-01 3.702632e+01
      vertex 5.858836e-01 -2.660113e-01 4.021053e+01
      vertex 2.006759e-01 -2.576674e-01 4.021053e+01
    endloop
  endfacet
  facet normal -6.245020e-03 -9.999265e-01 1.038736e-02
    outer loop
      vertex 6.281552e-01 -2.944327e-01 3.702632e+01
      vertex 1.066106e+00 -2.971680e-01 3.702632e+01
      vertex 9.920875e-01 -2.636277e-01 4.021053e+01
    endloop
  endfacet
  facet normal 5.867510e-03 -9.999423e-01 9.003134e-03
    outer loop
      vertex 6.281552e-01 -2.944327e-01 3.702632e+01
      vertex 9.920875e-01 -2.636277e-01 4.021053e+01
      vertex 5.858836e-01 -2.660113e-01 4.021053e+01
    endloop
  endfacet
  facet normal 1.365733e-02 -9.998300e-01 1.238453e-02
    outer loop
      vertex 1.066106e+00 -2.971680e-01 3.702632e+01
      vertex 1.501309e+00 -2.912232e-01 3.702632e+01
      vertex 1.395645e+00 -2.532249e-01 4.021053e+01
    endloop
  endfacet
  facet normal 2.576753e-02 -9.996060e-01 1.112813e-02
    outer loop
      vertex 1.066106e+00 -2.971680e-01 3.702632e+01
      vertex 1.395645e+00 -2.532249e-01 4.021053e+01
      vertex 9.920875e-01 -2.636277e-01 4.021053e+01
    endloop
  endfacet
  facet normal 2.463349e-02 -9.995986e-01 1.399719e-02
    outer loop
      vertex 1.501309e+00 -2.912232e-01 3.702632e+01
      vertex 1.855856e+00 -2.824860e-01 3.702632e+01
      vertex 1.724367e+00 -2.411384e-01 4.021053e+01
    endloop
  endfacet
  facet normal 3.674013e-02 -9.992384e-01 1.314344e-02
    outer loop
      vertex 1.501309e+00 -2.912232e-01 3.702632e+01
      vertex 1.724367e+00 -2.411384e-01 4.021053e+01
      vertex 1.395645e+00 -2.532249e-01 4.021053e+01
    endloop
  endfacet
  facet normal 3.175845e-02 -9.993737e-01 1.560794e-02
    outer loop
      vertex 1.855856e+00 -2.824860e-01 3.702632e+01
      vertex 2.229677e+00 -2.706066e-01 3.702632e+01
      vertex 2.070930e+00 -2.259212e-01 4.021053e+01
    endloop
  endfacet
  facet normal 4.386197e-02 -9.989282e-01 1.478251e-02
    outer loop
      vertex 1.855856e+00 -2.824860e-01 3.702632e+01
      vertex 2.070930e+00 -2.259212e-01 4.021053e+01
      vertex 1.724367e+00 -2.411384e-01 4.021053e+01
    endloop
  endfacet
  facet normal 3.791188e-02 -9.991362e-01 1.701647e-02
    outer loop
      vertex 2.229677e+00 -2.706066e-01 3.702632e+01
      vertex 2.542705e+00 -2.587289e-01 3.702632e+01
      vertex 2.361111e+00 -2.113885e-01 4.021053e+01
    endloop
  endfacet
  facet normal 5.001195e-02 -9.986122e-01 1.650727e-02
    outer loop
      vertex 2.229677e+00 -2.706066e-01 3.702632e+01
      vertex 2.361111e+00 -2.113885e-01 4.021053e+01
      vertex 2.070930e+00 -2.259212e-01 4.021053e+01
    endloop
  endfacet
  facet normal 4.346921e-02 -9.988896e-01 1.816363e-02
    outer loop
      vertex 2.542705e+00 -2.587289e-01 3.702632e+01
      vertex 2.778866e+00 -2.484517e-01 3.702632e+01
      vertex 2.580021e+00 -1.992039e-01 4.021053e+01
    endloop
  endfacet
  facet normal 5.556561e-02 -9.982926e-01 1.801071e-02
    outer loop
      vertex 2.542705e+00 -2.587289e-01 3.702632e+01
      vertex 2.580021e+00 -1.992039e-01 4.021053e+01
      vertex 2.361111e+00 -2.113885e-01 4.021053e+01
    endloop
  endfacet
  facet normal 4.809033e-02 -9.986629e-01 1.896762e-02
    outer loop
      vertex 2.778866e+00 -2.484517e-01 3.702632e+01
      vertex 2.925798e+00 -2.413762e-01 3.702632e+01
      vertex 2.716212e+00 -1.909910e-01 4.021053e+01
    endloop
  endfacet
  facet normal 6.018322e-02 -9.980028e-01 1.919366e-02
    outer loop
      vertex 2.778866e+00 -2.484517e-01 3.702632e+01
      vertex 2.716212e+00 -1.909910e-01 4.021053e+01
      vertex 2.580021e+00 -1.992039e-01 4.021053e+01
    endloop
  endfacet
  facet normal 5.078571e-02 -9.985227e-01 1.931898e-02
    outer loop
      vertex 2.925798e+00 -2.413762e-01 3.702632e+01
      vertex 2.975671e+00 -2.388397e-01 3.702632e+01
      vertex 2.762437e+00 -1.880782e-01 4.021053e+01
    endloop
  endfacet
  facet normal 6.287622e-02 -9.978224e-01 1.992754e-02
    outer loop
      vertex 2.925798e+00 -2.413762e-01 3.702632e+01
      vertex 2.762437e+00 -1.880782e-01 4.021053e+01
      vertex 2.716212e+00 -1.909910e-01 4.021053e+01
    endloop
  endfacet
  facet normal 3.205806e-01 9.471881e-01 7.924213e-03
    outer loop
      vertex 2.764174e+00 -1.750115e-01 4.021053e+01
      vertex 2.731884e+00 -1.640827e-01 4.021053e+01
      vertex 2.538624e+00 -1.253120e-01 4.339474e+01
    endloop
  endfacet
  facet normal 3.104599e-01 9.505596e-01 7.154698e-03
    outer loop
      vertex 2.764174e+00 -1.750115e-01 4.021053e+01
      vertex 2.538624e+00 -1.253120e-01 4.339474e+01
      vertex 2.568719e+00 -1.351413e-01 4.339474e+01
    endloop
  endfacet
  facet normal 3.137844e-01 9.494617e-01 7.870099e-03
    outer loop
      vertex 2.731884e+00 -1.640827e-01 4.021053e+01
      vertex 2.614068e+00 -1.251463e-01 4.021053e+01
      vertex 2.428827e+00 -9.032043e-02 4.339474e+01
    endloop
  endfacet
  facet normal 3.036403e-01 9.527623e-01 6.828178e-03
    outer loop
      vertex 2.731884e+00 -1.640827e-01 4.021053e+01
      vertex 2.428827e+00 -9.032043e-02 4.339474e+01
      vertex 2.538624e+00 -1.253120e-01 4.339474e+01
    endloop
  endfacet
  facet normal 2.999827e-01 9.539138e-01 7.667820e-03
    outer loop
      vertex 2.614068e+00 -1.251463e-01 4.021053e+01
      vertex 2.414980e+00 -6.253768e-02 4.021053e+01
      vertex 2.243321e+00 -3.415061e-02 4.339474e+01
    endloop
  endfacet
  facet normal 2.897922e-01 9.570683e-01 6.391161e-03
    outer loop
      vertex 2.614068e+00 -1.251463e-01 4.021053e+01
      vertex 2.243321e+00 -3.415061e-02 4.339474e+01
      vertex 2.428827e+00 -9.032043e-02 4.339474e+01
    endloop
  endfacet
  facet normal 2.805369e-01 9.598144e-01 7.446793e-03
    outer loop
      vertex 2.414980e+00 -6.253768e-02 4.021053e+01
      vertex 2.143531e+00 1.680213e-02 4.021053e+01
      vertex 1.990450e+00 3.683997e-02 4.339474e+01
    endloop
  endfacet
  facet normal 2.702846e-01 9.627619e-01 5.987931e-03
    outer loop
      vertex 2.414980e+00 -6.253768e-02 4.021053e+01
      vertex 1.990450e+00 3.683997e-02 4.339474e+01
      vertex 2.243321e+00 -3.415061e-02 4.339474e+01
    endloop
  endfacet
  facet normal 2.565874e-01 9.664933e-01 7.319969e-03
    outer loop
      vertex 2.143531e+00 1.680213e-02 4.021053e+01
      vertex 1.812198e+00 1.047652e-01 4.021053e+01
      vertex 1.681883e+00 1.152454e-01 4.339474e+01
    endloop
  endfacet
  facet normal 2.462651e-01 9.691855e-01 5.740206e-03
    outer loop
      vertex 2.143531e+00 1.680213e-02 4.021053e+01
      vertex 1.681883e+00 1.152454e-01 4.339474e+01
      vertex 1.990450e+00 3.683997e-02 4.339474e+01
    endloop
  endfacet
  facet normal 2.305009e-01 9.730451e-01 7.253686e-03
    outer loop
      vertex 1.812198e+00 1.047652e-01 4.021053e+01
      vertex 1.492286e+00 1.805479e-01 4.021053e+01
      vertex 1.384042e+00 1.824525e-01 4.339474e+01
    endloop
  endfacet
  facet normal 2.201098e-01 9.754579e-01 5.797598e-03
    outer loop
      vertex 1.812198e+00 1.047652e-01 4.021053e+01
      vertex 1.384042e+00 1.824525e-01 4.339474e+01
      vertex 1.681883e+00 1.152454e-01 4.339474e+01
    endloop
  endfacet
  facet normal 1.991640e-01 9.799378e-01 7.452027e-03
    outer loop
      vertex 1.492286e+00 1.805479e-01 4.021053e+01
      vertex 1.092984e+00 2.617027e-01 4.021053e+01
      vertex 1.012420e+00 2.538619e-01 4.339474e+01
    endloop
  endfacet
  facet normal 1.887010e-01 9.820173e-01 5.827363e-03
    outer loop
      vertex 1.492286e+00 1.805479e-01 4.021053e+01
      vertex 1.012420e+00 2.538619e-01 4.339474e+01
      vertex 1.384042e+00 1.824525e-01 4.339474e+01
    endloop
  endfacet
  facet normal 1.572766e-01 9.875246e-01 7.698790e-03
    outer loop
      vertex 1.092984e+00 2.617027e-01 4.021053e+01
      vertex 6.841986e-01 3.268073e-01 4.021053e+01
      vertex 6.321518e-01 3.102722e-01 4.339474e+01
    endloop
  endfacet
  facet normal 1.467346e-01 9.891568e-01 6.148216e-03
    outer loop
      vertex 1.092984e+00 2.617027e-01 4.021053e+01
      vertex 6.321518e-01 3.102722e-01 4.339474e+01
      vertex 1.012420e+00 2.538619e-01 4.339474e+01
    endloop
  endfacet
  facet normal 9.862763e-02 9.950920e-01 8.034711e-03
    outer loop
      vertex 6.841986e-01 3.268073e-01 4.021053e+01
      vertex 2.827097e-01 3.666005e-01 4.021053e+01
      vertex 2.589099e-01 3.432490e-01 4.339474e+01
    endloop
  endfacet
  facet normal 8.800762e-02 9.960979e-01 6.611089e-03
    outer loop
      vertex 6.841986e-01 3.268073e-01 4.021053e+01
      vertex 2.589099e-01 3.432490e-01 4.339474e+01
      vertex 6.321518e-01 3.102722e-01 4.339474e+01
    endloop
  endfacet
  facet normal 1.401403e-02 9.998649e-01 8.593538e-03
    outer loop
      vertex 2.827097e-01 3.666005e-01 4.021053e+01
      vertex -8.889045e-02 3.718088e-01 4.021053e+01
      vertex -8.623282e-02 3.444042e-01 4.339474e+01
    endloop
  endfacet
  facet normal 3.347023e-03 9.999673e-01 7.358306e-03
    outer loop
      vertex 2.827097e-01 3.666005e-01 4.021053e+01
      vertex -8.623282e-02 3.444042e-01 4.339474e+01
      vertex 2.589099e-01 3.432490e-01 4.339474e+01
    endloop
  endfacet
  facet normal -9.242611e-02 9.956728e-01 9.647555e-03
    outer loop
      vertex -8.889045e-02 3.718088e-01 4.021053e+01
      vertex -4.093344e-01 3.420627e-01 4.021053e+01
      vertex -3.835224e-01 3.136054e-01 4.339474e+01
    endloop
  endfacet
  facet normal -1.030433e-01 9.946393e-01 8.646263e-03
    outer loop
      vertex -8.889045e-02 3.718088e-01 4.021053e+01
      vertex -3.835224e-01 3.136054e-01 4.339474e+01
      vertex -8.623282e-02 3.444042e-01 4.339474e+01
    endloop
  endfacet
  facet normal -2.200813e-01 9.754172e-01 1.120563e-02
    outer loop
      vertex -4.093344e-01 3.420627e-01 4.021053e+01
      vertex -6.301581e-01 2.922387e-01 4.021053e+01
      vertex -5.880994e-01 2.651480e-01 4.339474e+01
    endloop
  endfacet
  facet normal -2.304758e-01 9.730207e-01 1.056418e-02
    outer loop
      vertex -4.093344e-01 3.420627e-01 4.021053e+01
      vertex -5.880994e-01 2.651480e-01 4.339474e+01
      vertex -3.835224e-01 3.136054e-01 4.339474e+01
    endloop
  endfacet
  facet normal -3.981371e-01 9.172239e-01 1.368337e-02
    outer loop
      vertex -6.301581e-01 2.922387e-01 4.021053e+01
      vertex -8.132607e-01 2.127598e-01 4.021053e+01
      vertex -7.573526e-01 1.895249e-01 4.339474e+01
    endloop
  endfacet
  facet normal -4.079020e-01 9.129310e-01 1.315483e-02
    outer loop
      vertex -6.301581e-01 2.922387e-01 4.021053e+01
      vertex -7.573526e-01 1.895249e-01 4.339474e+01
      vertex -5.880994e-01 2.651480e-01 4.339474e+01
    endloop
  endfacet
  facet normal -7.049709e-01 7.090086e-01 1.796740e-02
    outer loop
      vertex -8.132607e-01 2.127598e-01 4.021053e+01
      vertex -9.080849e-01 1.184756e-01 4.021053e+01
      vertex -8.444782e-01 1.010272e-01 4.339474e+01
    endloop
  endfacet
  facet normal -7.124986e-01 7.014521e-01 1.762844e-02
    outer loop
      vertex -8.132607e-01 2.127598e-01 4.021053e+01
      vertex -8.444782e-01 1.010272e-01 4.339474e+01
      vertex -7.573526e-01 1.895249e-01 4.339474e+01
    endloop
  endfacet
  facet normal -9.993011e-01 3.129316e-02 2.044781e-02
    outer loop
      vertex -9.080849e-01 1.184756e-01 4.021053e+01
      vertex -9.112506e-01 1.738628e-02 4.021053e+01
      vertex -8.464164e-01 7.118010e-03 4.339474e+01
    endloop
  endfacet
  facet normal -9.995855e-01 2.063131e-02 2.008045e-02
    outer loop
      vertex -9.080849e-01 1.184756e-01 4.021053e+01
      vertex -8.464164e-01 7.118010e-03 4.339474e+01
      vertex -8.444782e-01 1.010272e-01 4.339474e+01
    endloop
  endfacet
  facet normal -7.232537e-01 -6.904621e-01 1.288952e-02
    outer loop
      vertex -9.112506e-01 1.738628e-02 4.021053e+01
      vertex -8.247269e-01 -7.324661e-02 4.021053e+01
      vertex -7.651672e-01 -7.619215e-02 4.339474e+01
    endloop
  endfacet
  facet normal -7.158520e-01 -6.981433e-01 1.232422e-02
    outer loop
      vertex -9.112506e-01 1.738628e-02 4.021053e+01
      vertex -7.651672e-01 -7.619215e-02 4.339474e+01
      vertex -8.464164e-01 7.118010e-03 4.339474e+01
    endloop
  endfacet
  facet normal -4.008117e-01 -9.161319e-01 7.228116e-03
    outer loop
      vertex -8.247269e-01 -7.324661e-02 4.021053e+01
      vertex -6.543740e-01 -1.477767e-01 4.021053e+01
      vertex -6.062286e-01 -1.437177e-01 4.339474e+01
    endloop
  endfacet
  facet normal -3.910180e-01 -9.203604e-01 6.462494e-03
    outer loop
      vertex -8.247269e-01 -7.324661e-02 4.021053e+01
      vertex -6.062286e-01 -1.437177e-01 4.339474e+01
      vertex -7.651672e-01 -7.619215e-02 4.339474e+01
    endloop
  endfacet
  facet normal -2.321921e-01 -9.726549e-01 5.408899e-03
    outer loop
      vertex -6.543740e-01 -1.477767e-01 4.021053e+01
      vertex -4.485834e-01 -1.969030e-01 4.021053e+01
      vertex -4.146318e-01 -1.873007e-01 4.339474e+01
    endloop
  endfacet
  facet normal -2.218039e-01 -9.750805e-01 4.596648e-03
    outer loop
      vertex -6.543740e-01 -1.477767e-01 4.021053e+01
      vertex -4.146318e-01 -1.873007e-01 4.339474e+01
      vertex -6.062286e-01 -1.437177e-01 4.339474e+01
    endloop
  endfacet
  facet normal -1.299723e-01 -9.915034e-01 5.315187e-03
    outer loop
      vertex -4.485834e-01 -1.969030e-01 4.021053e+01
      vertex -1.492254e-01 -2.361447e-01 4.021053e+01
      vertex -1.362405e-01 -2.207771e-01 4.339474e+01
    endloop
  endfacet
  facet normal -1.193884e-01 -9.928385e-01 4.266997e-03
    outer loop
      vertex -4.485834e-01 -1.969030e-01 4.021053e+01
      vertex -1.362405e-01 -2.207771e-01 4.339474e+01
      vertex -4.146318e-01 -1.873007e-01 4.339474e+01
    endloop
  endfacet
  facet normal -6.139359e-02 -9.980946e-01 6.158048e-03
    outer loop
      vertex -1.492254e-01 -2.361447e-01 4.021053e+01
      vertex 2.006759e-01 -2.576674e-01 4.021053e+01
      vertex 1.889130e-01 -2.372979e-01 4.339474e+01
    endloop
  endfacet
  facet normal -5.074306e-02 -9.986991e-01 5.026826e-03
    outer loop
      vertex -1.492254e-01 -2.361447e-01 4.021053e+01
      vertex 1.889130e-01 -2.372979e-01 4.339474e+01
      vertex -1.362405e-01 -2.207771e-01 4.339474e+01
    endloop
  endfacet
  facet normal -2.165495e-02 -9.997373e-01 7.514125e-03
    outer loop
      vertex 2.006759e-01 -2.576674e-01 4.021053e+01
      vertex 5.858836e-01 -2.660113e-01 4.021053e+01
      vertex 5.467236e-01 -2.412302e-01 4.339474e+01
    endloop
  endfacet
  facet normal -1.098893e-02 -9.999194e-01 6.355923e-03
    outer loop
      vertex 2.006759e-01 -2.576674e-01 4.021053e+01
      vertex 5.467236e-01 -2.412302e-01 4.339474e+01
      vertex 1.889130e-01 -2.372979e-01 4.339474e+01
    endloop
  endfacet
  facet normal 5.867504e-03 -9.999412e-01 9.118006e-03
    outer loop
      vertex 5.858836e-01 -2.660113e-01 4.021053e+01
      vertex 9.920875e-01 -2.636277e-01 4.021053e+01
      vertex 9.239262e-01 -2.349923e-01 4.339474e+01
    endloop
  endfacet
  facet normal 1.653438e-02 -9.998314e-01 7.984518e-03
    outer loop
      vertex 5.858836e-01 -2.660113e-01 4.021053e+01
      vertex 9.239262e-01 -2.349923e-01 4.339474e+01
      vertex 5.467236e-01 -2.412302e-01 4.339474e+01
    endloop
  endfacet
  facet normal 2.576763e-02 -9.996097e-01 1.079696e-02
    outer loop
      vertex 9.920875e-01 -2.636277e-01 4.021053e+01
      vertex 1.395645e+00 -2.532249e-01 4.021053e+01
      vertex 1.298592e+00 -2.213335e-01 4.339474e+01
    endloop
  endfacet
  facet normal 3.643006e-02 -9.992885e-01 9.766358e-03
    outer loop
      vertex 9.920875e-01 -2.636277e-01 4.021053e+01
      vertex 1.298592e+00 -2.213335e-01 4.339474e+01
      vertex 9.239262e-01 -2.349923e-01 4.339474e+01
    endloop
  endfacet
  facet normal 3.674059e-02 -9.992510e-01 1.215121e-02
    outer loop
      vertex 1.395645e+00 -2.532249e-01 4.021053e+01
      vertex 1.724367e+00 -2.411384e-01 4.021053e+01
      vertex 1.603744e+00 -2.068525e-01 4.339474e+01
    endloop
  endfacet
  facet normal 4.739858e-02 -9.988104e-01 1.144826e-02
    outer loop
      vertex 1.395645e+00 -2.532249e-01 4.021053e+01
      vertex 1.603744e+00 -2.068525e-01 4.339474e+01
      vertex 1.298592e+00 -2.213335e-01 4.339474e+01
    endloop
  endfacet
  facet normal 4.386277e-02 -9.989464e-01 1.349696e-02
    outer loop
      vertex 1.724367e+00 -2.411384e-01 4.021053e+01
      vertex 2.070930e+00 -2.259212e-01 4.021053e+01
      vertex 1.925433e+00 -1.892873e-01 4.339474e+01
    endloop
  endfacet
  facet normal 5.451720e-02 -9.984306e-01 1.281579e-02
    outer loop
      vertex 1.724367e+00 -2.411384e-01 4.021053e+01
      vertex 1.925433e+00 -1.892873e-01 4.339474e+01
      vertex 1.603744e+00 -2.068525e-01 4.339474e+01
    endloop
  endfacet
  facet normal 5.001337e-02 -9.986407e-01 1.467837e-02
    outer loop
      vertex 2.070930e+00 -2.259212e-01 4.021053e+01
      vertex 2.361111e+00 -2.113885e-01 4.021053e+01
      vertex 2.194769e+00 -1.729165e-01 4.339474e+01
    endloop
  endfacet
  facet normal 6.066408e-02 -9.980565e-01 1.425442e-02
    outer loop
      vertex 2.070930e+00 -2.259212e-01 4.021053e+01
      vertex 2.194769e+00 -1.729165e-01 4.339474e+01
      vertex 1.925433e+00 -1.892873e-01 4.339474e+01
    endloop
  endfacet
  facet normal 5.556782e-02 -9.983323e-01 1.564689e-02
    outer loop
      vertex 2.361111e+00 -2.113885e-01 4.021053e+01
      vertex 2.580021e+00 -1.992039e-01 4.021053e+01
      vertex 2.397942e+00 -1.594323e-01 4.339474e+01
    endloop
  endfacet
  facet normal 6.621468e-02 -9.976848e-01 1.551317e-02
    outer loop
      vertex 2.361111e+00 -2.113885e-01 4.021053e+01
      vertex 2.397942e+00 -1.594323e-01 4.339474e+01
      vertex 2.194769e+00 -1.729165e-01 4.339474e+01
    endloop
  endfacet
  facet normal 6.018629e-02 -9.980535e-01 1.633195e-02
    outer loop
      vertex 2.580021e+00 -1.992039e-01 4.021053e+01
      vertex 2.716212e+00 -1.909910e-01 4.021053e+01
      vertex 2.524336e+00 -1.504561e-01 4.339474e+01
    endloop
  endfacet
  facet normal 7.082957e-02 -9.973518e-01 1.650733e-02
    outer loop
      vertex 2.580021e+00 -1.992039e-01 4.021053e+01
      vertex 2.524336e+00 -1.504561e-01 4.339474e+01
      vertex 2.397942e+00 -1.594323e-01 4.339474e+01
    endloop
  endfacet
  facet normal 6.288001e-02 -9.978824e-01 1.663618e-02
    outer loop
      vertex 2.716212e+00 -1.909910e-01 4.021053e+01
      vertex 2.762437e+00 -1.880782e-01 4.021053e+01
      vertex 2.567235e+00 -1.472931e-01 4.339474e+01
    endloop
  endfacet
  facet normal 7.352092e-02 -9.971467e-01 1.712393e-02
    outer loop
      vertex 2.716212e+00 -1.909910e-01 4.021053e+01
      vertex 2.567235e+00 -1.472931e-01 4.339474e+01
      vertex 2.524336e+00 -1.504561e-01 4.339474e+01
    endloop
  endfacet
  facet normal 3.104588e-01 9.505564e-01 7.606921e-03
    outer loop
      vertex 2.568719e+00 -1.351413e-01 4.339474e+01
      vertex 2.538624e+00 -1.253120e-01 4.339474e+01
      vertex 2.365495e+00 -9.424873e-02 4.657895e+01
    endloop
  endfacet
  facet normal 3.014159e-01 9.534671e-01 6.992402e-03
    outer loop
      vertex 2.568719e+00 -1.351413e-01 4.339474e+01
      vertex 2.365495e+00 -9.424873e-02 4.657895e+01
      vertex 2.393611e+00 -1.031371e-01 4.657895e+01
    endloop
  endfacet
  facet normal 3.036387e-01 9.527574e-01 7.534847e-03
    outer loop
      vertex 2.538624e+00 -1.253120e-01 4.339474e+01
      vertex 2.428827e+00 -9.032043e-02 4.339474e+01
      vertex 2.262924e+00 -6.263030e-02 4.657895e+01
    endloop
  endfacet
  facet normal 2.945757e-01 9.556047e-01 6.694088e-03
    outer loop
      vertex 2.538624e+00 -1.253120e-01 4.339474e+01
      vertex 2.262924e+00 -6.263030e-02 4.657895e+01
      vertex 2.365495e+00 -9.424873e-02 4.657895e+01
    endloop
  endfacet
  facet normal 2.897903e-01 9.570622e-01 7.314473e-03
    outer loop
      vertex 2.428827e+00 -9.032043e-02 4.339474e+01
      vertex 2.243321e+00 -3.415061e-02 4.339474e+01
      vertex 2.089653e+00 -1.195711e-02 4.657895e+01
    endloop
  endfacet
  facet normal 2.806872e-01 9.597788e-01 6.277976e-03
    outer loop
      vertex 2.428827e+00 -9.032043e-02 4.339474e+01
      vertex 2.089653e+00 -1.195711e-02 4.657895e+01
      vertex 2.262924e+00 -6.263030e-02 4.657895e+01
    endloop
  endfacet
  facet normal 2.702827e-01 9.627551e-01 7.063196e-03
    outer loop
      vertex 2.243321e+00 -3.415061e-02 4.339474e+01
      vertex 1.990450e+00 3.683997e-02 4.339474e+01
      vertex 1.853510e+00 5.192358e-02 4.657895e+01
    endloop
  endfacet
  facet normal 2.611264e-01 9.652867e-01 5.873848e-03
    outer loop
      vertex 2.243321e+00 -3.415061e-02 4.339474e+01
      vertex 1.853510e+00 5.192358e-02 4.657895e+01
      vertex 2.089653e+00 -1.195711e-02 4.657895e+01
    endloop
  endfacet
  facet normal 2.462633e-01 9.691785e-01 6.884465e-03
    outer loop
      vertex 1.990450e+00 3.683997e-02 4.339474e+01
      vertex 1.681883e+00 1.152454e-01 4.339474e+01
      vertex 1.565427e+00 1.222173e-01 4.657895e+01
    endloop
  endfacet
  facet normal 2.370469e-01 9.714821e-01 5.592520e-03
    outer loop
      vertex 1.990450e+00 3.683997e-02 4.339474e+01
      vertex 1.565427e+00 1.222173e-01 4.657895e+01
      vertex 1.853510e+00 5.192358e-02 4.657895e+01
    endloop
  endfacet
  facet normal 2.201085e-01 9.754520e-01 6.762608e-03
    outer loop
      vertex 1.681883e+00 1.152454e-01 4.339474e+01
      vertex 1.384042e+00 1.824525e-01 4.339474e+01
      vertex 1.287434e+00 1.821763e-01 4.657895e+01
    endloop
  endfacet
  facet normal 2.108333e-01 9.775061e-01 5.570461e-03
    outer loop
      vertex 1.681883e+00 1.152454e-01 4.339474e+01
      vertex 1.287434e+00 1.821763e-01 4.657895e+01
      vertex 1.565427e+00 1.222173e-01 4.657895e+01
    endloop
  endfacet
  facet normal 1.886998e-01 9.820109e-01 6.861780e-03
    outer loop
      vertex 1.384042e+00 1.824525e-01 4.339474e+01
      vertex 1.012420e+00 2.538619e-01 4.339474e+01
      vertex 9.406869e-01 2.453964e-01 4.657895e+01
    endloop
  endfacet
  facet normal 1.793637e-01 9.837673e-01 5.527148e-03
    outer loop
      vertex 1.384042e+00 1.824525e-01 4.339474e+01
      vertex 9.406869e-01 2.453964e-01 4.657895e+01
      vertex 1.287434e+00 1.821763e-01 4.657895e+01
    endloop
  endfacet
  facet normal 1.467338e-01 9.891512e-01 7.003590e-03
    outer loop
      vertex 1.012420e+00 2.538619e-01 4.339474e+01
      vertex 6.321518e-01 3.102722e-01 4.339474e+01
      vertex 5.860188e-01 2.945702e-01 4.657895e+01
    endloop
  endfacet
  facet normal 1.373314e-01 9.905086e-01 5.727153e-03
    outer loop
      vertex 1.012420e+00 2.538619e-01 4.339474e+01
      vertex 5.860188e-01 2.945702e-01 4.657895e+01
      vertex 9.406869e-01 2.453964e-01 4.657895e+01
    endloop
  endfacet
  facet normal 8.800724e-02 9.960936e-01 7.228171e-03
    outer loop
      vertex 6.321518e-01 3.102722e-01 4.339474e+01
      vertex 2.589099e-01 3.432490e-01 4.339474e+01
      vertex 2.381025e-01 3.219811e-01 4.657895e+01
    endloop
  endfacet
  facet normal 7.854106e-02 9.968925e-01 6.053784e-03
    outer loop
      vertex 6.321518e-01 3.102722e-01 4.339474e+01
      vertex 2.381025e-01 3.219811e-01 4.657895e+01
      vertex 5.860188e-01 2.945702e-01 4.657895e+01
    endloop
  endfacet
  facet normal 3.347015e-03 9.999651e-01 7.659875e-03
    outer loop
      vertex 2.589099e-01 3.432490e-01 4.339474e+01
      vertex -8.623282e-02 3.444042e-01 4.339474e+01
      vertex -8.336165e-02 3.200031e-01 4.657895e+01
    endloop
  endfacet
  facet normal -6.152782e-03 9.999590e-01 6.638696e-03
    outer loop
      vertex 2.589099e-01 3.432490e-01 4.339474e+01
      vertex -8.336165e-02 3.200031e-01 4.657895e+01
      vertex 2.381025e-01 3.219811e-01 4.657895e+01
    endloop
  endfacet
  facet normal -1.030434e-01 9.946402e-01 8.545502e-03
    outer loop
      vertex -8.623282e-02 3.444042e-01 4.339474e+01
      vertex -3.835224e-01 3.136054e-01 4.339474e+01
      vertex -3.599743e-01 2.886876e-01 4.657895e+01
    endloop
  endfacet
  facet normal -1.124885e-01 9.936231e-01 7.715723e-03
    outer loop
      vertex -8.623282e-02 3.444042e-01 4.339474e+01
      vertex -3.599743e-01 2.886876e-01 4.657895e+01
      vertex -8.336165e-02 3.200031e-01 4.657895e+01
    endloop
  endfacet
  facet normal -2.304774e-01 9.730273e-01 9.902963e-03
    outer loop
      vertex -3.835224e-01 3.136054e-01 4.339474e+01
      vertex -5.880994e-01 2.651480e-01 4.339474e+01
      vertex -5.500815e-01 2.417459e-01 4.657895e+01
    endloop
  endfacet
  facet normal -2.397119e-01 9.707988e-01 9.369635e-03
    outer loop
      vertex -3.835224e-01 3.136054e-01 4.339474e+01
      vertex -5.500815e-01 2.417459e-01 4.657895e+01
      vertex -3.599743e-01 2.886876e-01 4.657895e+01
    endloop
  endfacet
  facet normal -4.079074e-01 9.129432e-01 1.209491e-02
    outer loop
      vertex -5.880994e-01 2.651480e-01 4.339474e+01
      vertex -7.573526e-01 1.895249e-01 4.339474e+01
      vertex -7.070488e-01 1.698156e-01 4.657895e+01
    endloop
  endfacet
  facet normal -4.165641e-01 9.090316e-01 1.165442e-02
    outer loop
      vertex -5.880994e-01 2.651480e-01 4.339474e+01
      vertex -7.070488e-01 1.698156e-01 4.657895e+01
      vertex -5.500815e-01 2.417459e-01 4.657895e+01
    endloop
  endfacet
  facet normal -7.125187e-01 7.014719e-01 1.594323e-02
    outer loop
      vertex -7.573526e-01 1.895249e-01 4.339474e+01
      vertex -8.444782e-01 1.010272e-01 4.339474e+01
      vertex -7.874115e-01 8.662104e-02 4.657895e+01
    endloop
  endfacet
  facet normal -7.191537e-01 6.946745e-01 1.566092e-02
    outer loop
      vertex -7.573526e-01 1.895249e-01 4.339474e+01
      vertex -7.874115e-01 8.662104e-02 4.657895e+01
      vertex -7.070488e-01 1.698156e-01 4.657895e+01
    endloop
  endfacet
  facet normal -9.996202e-01 2.063203e-02 1.826926e-02
    outer loop
      vertex -8.444782e-01 1.010272e-01 4.339474e+01
      vertex -8.464164e-01 7.118010e-03 4.339474e+01
      vertex -7.883858e-01 -8.598856e-04 4.657895e+01
    endloop
  endfacet
  facet normal -9.997766e-01 1.113483e-02 1.796813e-02
    outer loop
      vertex -8.444782e-01 1.010272e-01 4.339474e+01
      vertex -7.883858e-01 -8.598856e-04 4.657895e+01
      vertex -7.874115e-01 8.662104e-02 4.657895e+01
    endloop
  endfacet
  facet normal -7.158580e-01 -6.981492e-01 1.162032e-02
    outer loop
      vertex -8.464164e-01 7.118010e-03 4.339474e+01
      vertex -7.651672e-01 -7.619215e-02 4.339474e+01
      vertex -7.119760e-01 -7.773315e-02 4.657895e+01
    endloop
  endfacet
  facet normal -7.091971e-01 -7.049220e-01 1.115861e-02
    outer loop
      vertex -8.464164e-01 7.118010e-03 4.339474e+01
      vertex -7.119760e-01 -7.773315e-02 4.657895e+01
      vertex -7.883858e-01 -8.598856e-04 4.657895e+01
    endloop
  endfacet
  facet normal -3.910177e-01 -9.203597e-01 6.566276e-03
    outer loop
      vertex -7.651672e-01 -7.619215e-02 4.339474e+01
      vertex -6.062286e-01 -1.437177e-01 4.339474e+01
      vertex -5.633485e-01 -1.392178e-01 4.657895e+01
    endloop
  endfacet
  facet normal -3.822582e-01 -9.240365e-01 5.938315e-03
    outer loop
      vertex -7.651672e-01 -7.619215e-02 4.339474e+01
      vertex -5.633485e-01 -1.392178e-01 4.657895e+01
      vertex -7.119760e-01 -7.773315e-02 4.657895e+01
    endloop
  endfacet
  facet normal -2.218035e-01 -9.750790e-01 4.910896e-03
    outer loop
      vertex -6.062286e-01 -1.437177e-01 4.339474e+01
      vertex -4.146318e-01 -1.873007e-01 4.339474e+01
      vertex -3.845164e-01 -1.781141e-01 4.657895e+01
    endloop
  endfacet
  facet normal -2.125310e-01 -9.771451e-01 4.242943e-03
    outer loop
      vertex -6.062286e-01 -1.437177e-01 4.339474e+01
      vertex -3.845164e-01 -1.781141e-01 4.657895e+01
      vertex -5.633485e-01 -1.392178e-01 4.657895e+01
    endloop
  endfacet
  facet normal -1.193882e-01 -9.928362e-01 4.772667e-03
    outer loop
      vertex -4.146318e-01 -1.873007e-01 4.339474e+01
      vertex -1.362405e-01 -2.207771e-01 4.339474e+01
      vertex -1.249362e-01 -2.068296e-01 4.657895e+01
    endloop
  endfacet
  facet normal -1.099513e-01 -9.939293e-01 3.907409e-03
    outer loop
      vertex -4.146318e-01 -1.873007e-01 4.339474e+01
      vertex -1.249362e-01 -2.068296e-01 4.657895e+01
      vertex -3.845164e-01 -1.781141e-01 4.657895e+01
    endloop
  endfacet
  facet normal -5.074294e-02 -9.986968e-01 5.459330e-03
    outer loop
      vertex -1.362405e-01 -2.207771e-01 4.339474e+01
      vertex 1.889130e-01 -2.372979e-01 4.339474e+01
      vertex 1.780466e-01 -2.193395e-01 4.657895e+01
    endloop
  endfacet
  facet normal -4.125329e-02 -9.991385e-01 4.522884e-03
    outer loop
      vertex -1.362405e-01 -2.207771e-01 4.339474e+01
      vertex 1.780466e-01 -2.193395e-01 4.657895e+01
      vertex -1.249362e-01 -2.068296e-01 4.657895e+01
    endloop
  endfacet
  facet normal -1.098891e-02 -9.999179e-01 6.596204e-03
    outer loop
      vertex 1.889130e-01 -2.372979e-01 4.339474e+01
      vertex 5.467236e-01 -2.412302e-01 4.339474e+01
      vertex 5.113338e-01 -2.198358e-01 4.657895e+01
    endloop
  endfacet
  facet normal -1.489271e-03 -9.999830e-01 5.634665e-03
    outer loop
      vertex 1.889130e-01 -2.372979e-01 4.339474e+01
      vertex 5.113338e-01 -2.198358e-01 4.657895e+01
      vertex 1.780466e-01 -2.193395e-01 4.657895e+01
    endloop
  endfacet
  facet normal 1.653439e-02 -9.998317e-01 7.949807e-03
    outer loop
      vertex 5.467236e-01 -2.412302e-01 4.339474e+01
      vertex 9.239262e-01 -2.349923e-01 4.339474e+01
      vertex 8.625920e-01 -2.106885e-01 4.657895e+01
    endloop
  endfacet
  facet normal 2.603216e-02 -9.996366e-01 7.005772e-03
    outer loop
      vertex 5.467236e-01 -2.412302e-01 4.339474e+01
      vertex 8.625920e-01 -2.106885e-01 4.657895e+01
      vertex 5.113338e-01 -2.198358e-01 4.657895e+01
    endloop
  endfacet
  facet normal 3.643020e-02 -9.992923e-01 9.370691e-03
    outer loop
      vertex 9.239262e-01 -2.349923e-01 4.339474e+01
      vertex 1.298592e+00 -2.213335e-01 4.339474e+01
      vertex 1.211422e+00 -1.946520e-01 4.657895e+01
    endloop
  endfacet
  facet normal 4.592212e-02 -9.989088e-01 8.508828e-03
    outer loop
      vertex 9.239262e-01 -2.349923e-01 4.339474e+01
      vertex 1.211422e+00 -1.946520e-01 4.657895e+01
      vertex 8.625920e-01 -2.106885e-01 4.657895e+01
    endloop
  endfacet
  facet normal 4.739907e-02 -9.988207e-01 1.051589e-02
    outer loop
      vertex 1.298592e+00 -2.213335e-01 4.339474e+01
      vertex 1.603744e+00 -2.068525e-01 4.339474e+01
      vertex 1.495502e+00 -1.784648e-01 4.657895e+01
    endloop
  endfacet
  facet normal 5.688600e-02 -9.983314e-01 9.922632e-03
    outer loop
      vertex 1.298592e+00 -2.213335e-01 4.339474e+01
      vertex 1.495502e+00 -1.784648e-01 4.657895e+01
      vertex 1.211422e+00 -1.946520e-01 4.657895e+01
    endloop
  endfacet
  facet normal 5.451798e-02 -9.984448e-01 1.164972e-02
    outer loop
      vertex 1.603744e+00 -2.068525e-01 4.339474e+01
      vertex 1.925433e+00 -1.892873e-01 4.339474e+01
      vertex 1.794956e+00 -1.592588e-01 4.657895e+01
    endloop
  endfacet
  facet normal 6.400110e-02 -9.978884e-01 1.107194e-02
    outer loop
      vertex 1.603744e+00 -2.068525e-01 4.339474e+01
      vertex 1.794956e+00 -1.592588e-01 4.657895e+01
      vertex 1.495502e+00 -1.784648e-01 4.657895e+01
    endloop
  endfacet
  facet normal 6.066539e-02 -9.980780e-01 1.264791e-02
    outer loop
      vertex 1.925433e+00 -1.892873e-01 4.339474e+01
      vertex 2.194769e+00 -1.729165e-01 4.339474e+01
      vertex 2.045662e+00 -1.416284e-01 4.657895e+01
    endloop
  endfacet
  facet normal 7.014465e-02 -9.974612e-01 1.228076e-02
    outer loop
      vertex 1.925433e+00 -1.892873e-01 4.339474e+01
      vertex 2.045662e+00 -1.416284e-01 4.657895e+01
      vertex 1.794956e+00 -1.592588e-01 4.657895e+01
    endloop
  endfacet
  facet normal 6.621664e-02 -9.977143e-01 1.347005e-02
    outer loop
      vertex 2.194769e+00 -1.729165e-01 4.339474e+01
      vertex 2.397942e+00 -1.594323e-01 4.339474e+01
      vertex 2.234770e+00 -1.272719e-01 4.657895e+01
    endloop
  endfacet
  facet normal 7.569201e-02 -9.970420e-01 1.334138e-02
    outer loop
      vertex 2.194769e+00 -1.729165e-01 4.339474e+01
      vertex 2.234770e+00 -1.272719e-01 4.657895e+01
      vertex 2.045662e+00 -1.416284e-01 4.657895e+01
    endloop
  endfacet
  facet normal 7.083223e-02 -9.973892e-01 1.405536e-02
    outer loop
      vertex 2.397942e+00 -1.594323e-01 4.339474e+01
      vertex 2.524336e+00 -1.504561e-01 4.339474e+01
      vertex 2.352410e+00 -1.177934e-01 4.657895e+01
    endloop
  endfacet
  facet normal 8.030402e-02 -9.966695e-01 1.418139e-02
    outer loop
      vertex 2.397942e+00 -1.594323e-01 4.339474e+01
      vertex 2.352410e+00 -1.177934e-01 4.657895e+01
      vertex 2.234770e+00 -1.272719e-01 4.657895e+01
    endloop
  endfacet
  facet normal 7.352416e-02 -9.971906e-01 1.431819e-02
    outer loop
      vertex 2.524336e+00 -1.504561e-01 4.339474e+01
      vertex 2.567235e+00 -1.472931e-01 4.339474e+01
      vertex 2.392337e+00 -1.144680e-01 4.657895e+01
    endloop
  endfacet
  facet normal 8.299362e-02 -9.964416e-01 1.470228e-02
    outer loop
      vertex 2.524336e+00 -1.504561e-01 4.339474e+01
      vertex 2.392337e+00 -1.144680e-01 4.657895e+01
      vertex 2.352410e+00 -1.177934e-01 4.657895e+01
    endloop
  endfacet
  facet normal 3.014149e-01 9.534640e-01 7.448085e-03
    outer loop
      vertex 2.393611e+00 -1.031371e-01 4.657895e+01
      vertex 2.365495e+00 -9.424873e-02 4.657895e+01
      vertex 2.205879e+00 -6.866369e-02 4.976316e+01
    endloop
  endfacet
  facet normal 2.931053e-01 9.560551e-01 6.930117e-03
    outer loop
      vertex 2.393611e+00 -1.031371e-01 4.657895e+01
      vertex 2.205879e+00 -6.866369e-02 4.976316e+01
      vertex 2.232161e+00 -7.672125e-02 4.976316e+01
    endloop
  endfacet
  facet normal 2.945743e-01 9.556002e-01 7.361533e-03
    outer loop
      vertex 2.365495e+00 -9.424873e-02 4.657895e+01
      vertex 2.262924e+00 -6.263030e-02 4.657895e+01
      vertex 2.110006e+00 -4.002131e-02 4.976316e+01
    endloop
  endfacet
  facet normal 2.862466e-01 9.581329e-01 6.650221e-03
    outer loop
      vertex 2.365495e+00 -9.424873e-02 4.657895e+01
      vertex 2.110006e+00 -4.002131e-02 4.976316e+01
      vertex 2.205879e+00 -6.866369e-02 4.976316e+01
    endloop
  endfacet
  facet normal 2.806856e-01 9.597733e-01 7.124959e-03
    outer loop
      vertex 2.262924e+00 -6.263030e-02 4.657895e+01
      vertex 2.089653e+00 -1.195711e-02 4.657895e+01
      vertex 1.948071e+00 5.810216e-03 4.976316e+01
    endloop
  endfacet
  facet normal 2.723223e-01 9.621858e-01 6.246146e-03
    outer loop
      vertex 2.262924e+00 -6.263030e-02 4.657895e+01
      vertex 1.948071e+00 5.810216e-03 4.976316e+01
      vertex 2.110006e+00 -4.002131e-02 4.976316e+01
    endloop
  endfacet
  facet normal 2.611248e-01 9.652808e-01 6.847878e-03
    outer loop
      vertex 2.089653e+00 -1.195711e-02 4.657895e+01
      vertex 1.853510e+00 5.192358e-02 4.657895e+01
      vertex 1.727420e+00 6.344358e-02 4.976316e+01
    endloop
  endfacet
  facet normal 2.527143e-01 9.675233e-01 5.838006e-03
    outer loop
      vertex 2.089653e+00 -1.195711e-02 4.657895e+01
      vertex 1.727420e+00 6.344358e-02 4.976316e+01
      vertex 1.948071e+00 5.810216e-03 4.976316e+01
    endloop
  endfacet
  facet normal 2.370454e-01 9.714760e-01 6.627627e-03
    outer loop
      vertex 1.853510e+00 5.192358e-02 4.657895e+01
      vertex 1.565427e+00 1.222173e-01 4.657895e+01
      vertex 1.458299e+00 1.266337e-01 4.976316e+01
    endloop
  endfacet
  facet normal 2.285818e-01 9.735090e-01 5.529462e-03
    outer loop
      vertex 1.853510e+00 5.192358e-02 4.657895e+01
      vertex 1.458299e+00 1.266337e-01 4.976316e+01
      vertex 1.727420e+00 6.344358e-02 4.976316e+01
    endloop
  endfacet
  facet normal 2.108322e-01 9.775009e-01 6.462074e-03
    outer loop
      vertex 1.565427e+00 1.222173e-01 4.657895e+01
      vertex 1.287434e+00 1.821763e-01 4.657895e+01
      vertex 1.198667e+00 1.802717e-01 4.976316e+01
    endloop
  endfacet
  facet normal 2.023169e-01 9.793050e-01 5.448378e-03
    outer loop
      vertex 1.565427e+00 1.222173e-01 4.657895e+01
      vertex 1.198667e+00 1.802717e-01 4.976316e+01
      vertex 1.458299e+00 1.266337e-01 4.976316e+01
    endloop
  endfacet
  facet normal 1.793627e-01 9.837616e-01 6.486729e-03
    outer loop
      vertex 1.287434e+00 1.821763e-01 4.657895e+01
      vertex 9.406869e-01 2.453964e-01 4.657895e+01
      vertex 8.749169e-01 2.363917e-01 4.976316e+01
    endloop
  endfacet
  facet normal 1.707939e-01 9.852922e-01 5.350584e-03
    outer loop
      vertex 1.287434e+00 1.821763e-01 4.657895e+01
      vertex 8.749169e-01 2.363917e-01 4.976316e+01
      vertex 1.198667e+00 1.802717e-01 4.976316e+01
    endloop
  endfacet
  facet normal 1.373307e-01 9.905036e-01 6.550077e-03
    outer loop
      vertex 9.406869e-01 2.453964e-01 4.657895e+01
      vertex 5.860188e-01 2.945702e-01 4.657895e+01
      vertex 5.438963e-01 2.793536e-01 4.976316e+01
    endloop
  endfacet
  facet normal 1.287046e-01 9.916679e-01 5.462743e-03
    outer loop
      vertex 9.406869e-01 2.453964e-01 4.657895e+01
      vertex 5.438963e-01 2.793536e-01 4.976316e+01
      vertex 8.749169e-01 2.363917e-01 4.976316e+01
    endloop
  endfacet
  facet normal 7.854074e-02 9.968884e-01 6.692232e-03
    outer loop
      vertex 5.860188e-01 2.945702e-01 4.657895e+01
      vertex 2.381025e-01 3.219811e-01 4.657895e+01
      vertex 2.193464e-01 3.020828e-01 4.976316e+01
    endloop
  endfacet
  facet normal 6.986086e-02 9.975405e-01 5.691177e-03
    outer loop
      vertex 5.860188e-01 2.945702e-01 4.657895e+01
      vertex 2.193464e-01 3.020828e-01 4.976316e+01
      vertex 5.438963e-01 2.793536e-01 4.976316e+01
    endloop
  endfacet
  facet normal -6.152766e-03 9.999563e-01 7.031736e-03
    outer loop
      vertex 2.381025e-01 3.219811e-01 4.657895e+01
      vertex -8.336165e-02 3.200031e-01 4.657895e+01
      vertex -8.030640e-02 2.976304e-01 4.976316e+01
    endloop
  endfacet
  facet normal -1.485666e-02 9.998707e-01 6.160724e-03
    outer loop
      vertex 2.381025e-01 3.219811e-01 4.657895e+01
      vertex -8.030640e-02 2.976304e-01 4.976316e+01
      vertex 2.193464e-01 3.020828e-01 4.976316e+01
    endloop
  endfacet
  facet normal -1.124885e-01 9.936224e-01 7.798656e-03
    outer loop
      vertex -8.336165e-02 3.200031e-01 4.657895e+01
      vertex -3.599743e-01 2.886876e-01 4.657895e+01
      vertex -3.379106e-01 2.661935e-01 4.976316e+01
    endloop
  endfacet
  facet normal -1.211337e-01 9.926109e-01 7.090450e-03
    outer loop
      vertex -8.336165e-02 3.200031e-01 4.657895e+01
      vertex -3.379106e-01 2.661935e-01 4.976316e+01
      vertex -8.030640e-02 2.976304e-01 4.976316e+01
    endloop
  endfacet
  facet normal -2.397127e-01 9.708020e-01 9.017992e-03
    outer loop
      vertex -3.599743e-01 2.886876e-01 4.657895e+01
      vertex -5.500815e-01 2.417459e-01 4.657895e+01
      vertex -5.147475e-01 2.208918e-01 4.976316e+01
    endloop
  endfacet
  facet normal -2.481549e-01 9.686825e-01 8.562522e-03
    outer loop
      vertex -3.599743e-01 2.886876e-01 4.657895e+01
      vertex -5.147475e-01 2.208918e-01 4.976316e+01
      vertex -3.379106e-01 2.661935e-01 4.976316e+01
    endloop
  endfacet
  facet normal -4.165671e-01 9.090382e-01 1.101596e-02
    outer loop
      vertex -5.500815e-01 2.417459e-01 4.657895e+01
      vertex -7.070488e-01 1.698156e-01 4.657895e+01
      vertex -6.604888e-01 1.525647e-01 4.976316e+01
    endloop
  endfacet
  facet normal -4.244657e-01 9.053815e-01 1.063967e-02
    outer loop
      vertex -5.500815e-01 2.417459e-01 4.657895e+01
      vertex -6.604888e-01 1.525647e-01 4.976316e+01
      vertex -5.147475e-01 2.208918e-01 4.976316e+01
    endloop
  endfacet
  facet normal -7.191655e-01 6.946859e-01 1.457406e-02
    outer loop
      vertex -7.070488e-01 1.698156e-01 4.657895e+01
      vertex -7.874115e-01 8.662104e-02 4.657895e+01
      vertex -7.347278e-01 7.435861e-02 4.976316e+01
    endloop
  endfacet
  facet normal -7.251877e-01 6.884021e-01 1.433333e-02
    outer loop
      vertex -7.070488e-01 1.698156e-01 4.657895e+01
      vertex -7.347278e-01 7.435861e-02 4.976316e+01
      vertex -6.604888e-01 1.525647e-01 4.976316e+01
    endloop
  endfacet
  facet normal -9.997967e-01 1.113506e-02 1.680774e-02
    outer loop
      vertex -7.874115e-01 8.662104e-02 4.657895e+01
      vertex -7.883858e-01 -8.598856e-04 4.657895e+01
      vertex -7.349262e-01 -7.198995e-03 4.976316e+01
    endloop
  endfacet
  facet normal -9.998600e-01 2.431997e-03 1.655236e-02
    outer loop
      vertex -7.874115e-01 8.662104e-02 4.657895e+01
      vertex -7.349262e-01 -7.198995e-03 4.976316e+01
      vertex -7.347278e-01 7.435861e-02 4.976316e+01
    endloop
  endfacet
  facet normal -7.092000e-01 -7.049249e-01 1.077959e-02
    outer loop
      vertex -7.883858e-01 -8.598856e-04 4.657895e+01
      vertex -7.119760e-01 -7.773315e-02 4.657895e+01
      vertex -6.630731e-01 -7.824021e-02 4.976316e+01
    endloop
  endfacet
  facet normal -7.030401e-01 -7.110743e-01 1.038773e-02
    outer loop
      vertex -7.883858e-01 -8.598856e-04 4.657895e+01
      vertex -6.630731e-01 -7.824021e-02 4.976316e+01
      vertex -7.349262e-01 -7.198995e-03 4.976316e+01
    endloop
  endfacet
  facet normal -3.822577e-01 -9.240354e-01 6.133421e-03
    outer loop
      vertex -7.119760e-01 -7.773315e-02 4.657895e+01
      vertex -5.633485e-01 -1.392178e-01 4.657895e+01
      vertex -5.240237e-01 -1.343501e-01 4.976316e+01
    endloop
  endfacet
  facet normal -3.742012e-01 -9.273306e-01 5.599285e-03
    outer loop
      vertex -7.119760e-01 -7.773315e-02 4.657895e+01
      vertex -5.240237e-01 -1.343501e-01 4.976316e+01
      vertex -6.630731e-01 -7.824021e-02 4.976316e+01
    endloop
  endfacet
  facet normal -2.125307e-01 -9.771436e-01 4.584870e-03
    outer loop
      vertex -5.633485e-01 -1.392178e-01 4.657895e+01
      vertex -3.845164e-01 -1.781141e-01 4.657895e+01
      vertex -3.570008e-01 -1.691582e-01 4.976316e+01
    endloop
  endfacet
  facet normal -2.040176e-01 -9.789590e-01 4.016127e-03
    outer loop
      vertex -5.633485e-01 -1.392178e-01 4.657895e+01
      vertex -3.570008e-01 -1.691582e-01 4.976316e+01
      vertex -5.240237e-01 -1.343501e-01 4.976316e+01
    endloop
  endfacet
  facet normal -1.099511e-01 -9.939272e-01 4.411195e-03
    outer loop
      vertex -3.845164e-01 -1.781141e-01 4.657895e+01
      vertex -1.249362e-01 -2.068296e-01 4.657895e+01
      vertex -1.147871e-01 -1.938204e-01 4.976316e+01
    endloop
  endfacet
  facet normal -1.012957e-01 -9.948496e-01 3.673459e-03
    outer loop
      vertex -3.845164e-01 -1.781141e-01 4.657895e+01
      vertex -1.147871e-01 -1.938204e-01 4.976316e+01
      vertex -3.570008e-01 -1.691582e-01 4.976316e+01
    endloop
  endfacet
  facet normal -4.125320e-02 -9.991363e-01 4.986279e-03
    outer loop
      vertex -1.249362e-01 -2.068296e-01 4.657895e+01
      vertex 1.780466e-01 -2.193395e-01 4.657895e+01
      vertex 1.677549e-01 -2.030234e-01 4.976316e+01
    endloop
  endfacet
  facet normal -3.255486e-02 -9.994612e-01 4.187120e-03
    outer loop
      vertex -1.249362e-01 -2.068296e-01 4.657895e+01
      vertex 1.677549e-01 -2.030234e-01 4.976316e+01
      vertex -1.147871e-01 -1.938204e-01 4.976316e+01
    endloop
  endfacet
  facet normal -1.489268e-03 -9.999811e-01 5.968457e-03
    outer loop
      vertex 1.780466e-01 -2.193395e-01 4.657895e+01
      vertex 5.113338e-01 -2.198358e-01 4.657895e+01
      vertex 4.784492e-01 -2.007817e-01 4.976316e+01
    endloop
  endfacet
  facet normal 7.215077e-03 -9.999607e-01 5.147159e-03
    outer loop
      vertex 1.780466e-01 -2.193395e-01 4.657895e+01
      vertex 4.784492e-01 -2.007817e-01 4.976316e+01
      vertex 1.677549e-01 -2.030234e-01 4.976316e+01
    endloop
  endfacet
  facet normal 2.603213e-02 -9.996356e-01 7.146033e-03
    outer loop
      vertex 5.113338e-01 -2.198358e-01 4.657895e+01
      vertex 8.625920e-01 -2.106885e-01 4.657895e+01
      vertex 8.058178e-01 -1.894042e-01 4.976316e+01
    endloop
  endfacet
  facet normal 3.473259e-02 -9.993765e-01 6.338917e-03
    outer loop
      vertex 5.113338e-01 -2.198358e-01 4.657895e+01
      vertex 8.058178e-01 -1.894042e-01 4.976316e+01
      vertex 4.784492e-01 -2.007817e-01 4.976316e+01
    endloop
  endfacet
  facet normal 4.592217e-02 -9.989098e-01 8.385676e-03
    outer loop
      vertex 8.625920e-01 -2.106885e-01 4.657895e+01
      vertex 1.211422e+00 -1.946520e-01 4.657895e+01
      vertex 1.130867e+00 -1.716244e-01 4.976316e+01
    endloop
  endfacet
  facet normal 5.461568e-02 -9.984782e-01 7.647939e-03
    outer loop
      vertex 8.625920e-01 -2.106885e-01 4.657895e+01
      vertex 1.130867e+00 -1.716244e-01 4.976316e+01
      vertex 8.058178e-01 -1.894042e-01 4.976316e+01
    endloop
  endfacet
  facet normal 5.688630e-02 -9.983366e-01 9.383990e-03
    outer loop
      vertex 1.211422e+00 -1.946520e-01 4.657895e+01
      vertex 1.495502e+00 -1.784648e-01 4.657895e+01
      vertex 1.395555e+00 -1.542295e-01 4.976316e+01
    endloop
  endfacet
  facet normal 6.557439e-02 -9.978082e-01 8.874877e-03
    outer loop
      vertex 1.211422e+00 -1.946520e-01 4.657895e+01
      vertex 1.395555e+00 -1.542295e-01 4.976316e+01
      vertex 1.130867e+00 -1.716244e-01 4.976316e+01
    endloop
  endfacet
  facet normal 6.400158e-02 -9.978959e-01 1.036862e-02
    outer loop
      vertex 1.495502e+00 -1.784648e-01 4.657895e+01
      vertex 1.794956e+00 -1.592588e-01 4.657895e+01
      vertex 1.674550e+00 -1.338958e-01 4.976316e+01
    endloop
  endfacet
  facet normal 7.268563e-02 -9.973060e-01 9.872062e-03
    outer loop
      vertex 1.495502e+00 -1.784648e-01 4.657895e+01
      vertex 1.674550e+00 -1.338958e-01 4.976316e+01
      vertex 1.395555e+00 -1.542295e-01 4.976316e+01
    endloop
  endfacet
  facet normal 7.014551e-02 -9.974735e-01 1.123801e-02
    outer loop
      vertex 1.794956e+00 -1.592588e-01 4.657895e+01
      vertex 2.045662e+00 -1.416284e-01 4.657895e+01
      vertex 1.908115e+00 -1.154263e-01 4.976316e+01
    endloop
  endfacet
  facet normal 7.882556e-02 -9.968286e-01 1.092067e-02
    outer loop
      vertex 1.794956e+00 -1.592588e-01 4.657895e+01
      vertex 1.908115e+00 -1.154263e-01 4.976316e+01
      vertex 1.674550e+00 -1.338958e-01 4.976316e+01
    endloop
  endfacet
  facet normal 7.569333e-02 -9.970594e-01 1.195752e-02
    outer loop
      vertex 2.045662e+00 -1.416284e-01 4.657895e+01
      vertex 2.234770e+00 -1.272719e-01 4.657895e+01
      vertex 2.084285e+00 -1.005087e-01 4.976316e+01
    endloop
  endfacet
  facet normal 8.436940e-02 -9.963642e-01 1.184331e-02
    outer loop
      vertex 2.045662e+00 -1.416284e-01 4.657895e+01
      vertex 2.084285e+00 -1.005087e-01 4.976316e+01
      vertex 1.908115e+00 -1.154263e-01 4.976316e+01
    endloop
  endfacet
  facet normal 8.030585e-02 -9.966922e-01 1.247316e-02
    outer loop
      vertex 2.234770e+00 -1.272719e-01 4.657895e+01
      vertex 2.352410e+00 -1.177934e-01 4.657895e+01
      vertex 2.193872e+00 -9.071824e-02 4.976316e+01
    endloop
  endfacet
  facet normal 8.897832e-02 -9.959542e-01 1.257608e-02
    outer loop
      vertex 2.234770e+00 -1.272719e-01 4.657895e+01
      vertex 2.193872e+00 -9.071824e-02 4.976316e+01
      vertex 2.084285e+00 -1.005087e-01 4.976316e+01
    endloop
  endfacet
  facet normal 8.299589e-02 -9.964689e-01 1.270729e-02
    outer loop
      vertex 2.352410e+00 -1.177934e-01 4.657895e+01
      vertex 2.392337e+00 -1.144680e-01 4.657895e+01
      vertex 2.231065e+00 -8.729423e-02 4.976316e+01
    endloop
  endfacet
  facet normal 9.166605e-02 -9.957045e-01 1.303037e-02
    outer loop
      vertex 2.352410e+00 -1.177934e-01 4.657895e+01
      vertex 2.231065e+00 -8.729423e-02 4.976316e+01
      vertex 2.193872e+00 -9.071824e-02 4.976316e+01
    endloop
  endfacet
  facet normal 2.931010e-01 9.560410e-01 8.799747e-03
    outer loop
      vertex 2.232161e+00 -7.672125e-02 4.976316e+01
      vertex 2.205879e+00 -6.866369e-02 4.976316e+01
      vertex 2.041191e+00 -4.748290e-02 5.294737e+01
    endloop
  endfacet
  facet normal 2.855792e-01 9.583189e-01 8.327724e-03
    outer loop
      vertex 2.232161e+00 -7.672125e-02 4.976316e+01
      vertex 2.041191e+00 -4.748290e-02 5.294737e+01
      vertex 2.065564e+00 -5.474597e-02 5.294737e+01
    endloop
  endfacet
  facet normal 2.862422e-01 9.581182e-01 8.659669e-03
    outer loop
      vertex 2.205879e+00 -6.866369e-02 4.976316e+01
      vertex 2.110006e+00 -4.002131e-02 4.976316e+01
      vertex 1.952290e+00 -2.168248e-02 5.294737e+01
    endloop
  endfacet
  facet normal 2.787047e-01 9.603433e-01 8.026554e-03
    outer loop
      vertex 2.205879e+00 -6.866369e-02 4.976316e+01
      vertex 1.952290e+00 -2.168248e-02 5.294737e+01
      vertex 2.041191e+00 -4.748290e-02 5.294737e+01
    endloop
  endfacet
  facet normal 2.723182e-01 9.621712e-01 8.330943e-03
    outer loop
      vertex 2.110006e+00 -4.002131e-02 4.976316e+01
      vertex 1.948071e+00 5.810216e-03 4.976316e+01
      vertex 1.802148e+00 1.953954e-02 5.294737e+01
    endloop
  endfacet
  facet normal 2.647494e-01 9.642876e-01 7.559585e-03
    outer loop
      vertex 2.110006e+00 -4.002131e-02 4.976316e+01
      vertex 1.802148e+00 1.953954e-02 5.294737e+01
      vertex 1.952290e+00 -2.168248e-02 5.294737e+01
    endloop
  endfacet
  facet normal 2.527107e-01 9.675094e-01 7.930105e-03
    outer loop
      vertex 1.948071e+00 5.810216e-03 4.976316e+01
      vertex 1.727420e+00 6.344358e-02 4.976316e+01
      vertex 1.597602e+00 7.125270e-02 5.294737e+01
    endloop
  endfacet
  facet normal 2.451005e-01 9.694720e-01 7.052159e-03
    outer loop
      vertex 1.948071e+00 5.810216e-03 4.976316e+01
      vertex 1.597602e+00 7.125270e-02 5.294737e+01
      vertex 1.802148e+00 1.953954e-02 5.294737e+01
    endloop
  endfacet
  facet normal 2.285788e-01 9.734960e-01 7.562801e-03
    outer loop
      vertex 1.727420e+00 6.344358e-02 4.976316e+01
      vertex 1.458299e+00 1.266337e-01 4.976316e+01
      vertex 1.348174e+00 1.277541e-01 5.294737e+01
    endloop
  endfacet
  facet normal 2.209222e-01 9.752690e-01 6.615078e-03
    outer loop
      vertex 1.727420e+00 6.344358e-02 4.976316e+01
      vertex 1.348174e+00 1.277541e-01 5.294737e+01
      vertex 1.597602e+00 7.125270e-02 5.294737e+01
    endloop
  endfacet
  facet normal 2.023145e-01 9.792937e-01 7.257781e-03
    outer loop
      vertex 1.458299e+00 1.266337e-01 4.976316e+01
      vertex 1.198667e+00 1.802717e-01 4.976316e+01
      vertex 1.107595e+00 1.754876e-01 5.294737e+01
    endloop
  endfacet
  facet normal 1.946129e-01 9.808593e-01 6.385509e-03
    outer loop
      vertex 1.458299e+00 1.266337e-01 4.976316e+01
      vertex 1.107595e+00 1.754876e-01 5.294737e+01
      vertex 1.348174e+00 1.277541e-01 5.294737e+01
    endloop
  endfacet
  facet normal 1.707921e-01 9.852814e-01 7.115468e-03
    outer loop
      vertex 1.198667e+00 1.802717e-01 4.976316e+01
      vertex 8.749169e-01 2.363917e-01 4.976316e+01
      vertex 8.076803e-01 2.250511e-01 5.294737e+01
    endloop
  endfacet
  facet normal 1.630442e-01 9.865996e-01 6.145576e-03
    outer loop
      vertex 1.198667e+00 1.802717e-01 4.976316e+01
      vertex 8.076803e-01 2.250511e-01 5.294737e+01
      vertex 1.107595e+00 1.754876e-01 5.294737e+01
    endloop
  endfacet
  facet normal 1.287034e-01 9.916583e-01 7.011641e-03
    outer loop
      vertex 8.749169e-01 2.363917e-01 4.976316e+01
      vertex 5.438963e-01 2.793536e-01 4.976316e+01
      vertex 5.011357e-01 2.623889e-01 5.294737e+01
    endloop
  endfacet
  facet normal 1.209064e-01 9.926452e-01 6.088327e-03
    outer loop
      vertex 8.749169e-01 2.363917e-01 4.976316e+01
      vertex 5.011357e-01 2.623889e-01 5.294737e+01
      vertex 8.076803e-01 2.250511e-01 5.294737e+01
    endloop
  endfacet
  facet normal 6.986028e-02 9.975323e-01 6.995626e-03
    outer loop
      vertex 5.438963e-01 2.793536e-01 4.976316e+01
      vertex 2.193464e-01 3.020828e-01 4.976316e+01
      vertex 2.007243e-01 2.810563e-01 5.294737e+01
    endloop
  endfacet
  facet normal 6.201855e-02 9.980560e-01 6.150219e-03
    outer loop
      vertex 5.438963e-01 2.793536e-01 4.976316e+01
      vertex 2.007243e-01 2.810563e-01 5.294737e+01
      vertex 5.011357e-01 2.623889e-01 5.294737e+01
    endloop
  endfacet
  facet normal -1.485656e-02 9.998637e-01 7.199876e-03
    outer loop
      vertex 2.193464e-01 3.020828e-01 4.976316e+01
      vertex -8.030640e-02 2.976304e-01 4.976316e+01
      vertex -7.645675e-02 2.747585e-01 5.294737e+01
    endloop
  endfacet
  facet normal -2.271445e-02 9.997211e-01 6.468678e-03
    outer loop
      vertex 2.193464e-01 3.020828e-01 4.976316e+01
      vertex -7.645675e-02 2.747585e-01 5.294737e+01
      vertex 2.007243e-01 2.810563e-01 5.294737e+01
    endloop
  endfacet
  facet normal -1.211330e-01 9.926051e-01 7.868797e-03
    outer loop
      vertex -8.030640e-02 2.976304e-01 4.976316e+01
      vertex -3.379106e-01 2.661935e-01 4.976316e+01
      vertex -3.145418e-01 2.438028e-01 5.294737e+01
    endloop
  endfacet
  facet normal -1.289311e-01 9.916268e-01 7.278625e-03
    outer loop
      vertex -8.030640e-02 2.976304e-01 4.976316e+01
      vertex -3.145418e-01 2.438028e-01 5.294737e+01
      vertex -7.645675e-02 2.747585e-01 5.294737e+01
    endloop
  endfacet
  facet normal -2.481538e-01 9.686784e-01 9.049571e-03
    outer loop
      vertex -3.379106e-01 2.661935e-01 4.976316e+01
      vertex -5.147475e-01 2.208918e-01 4.976316e+01
      vertex -4.778070e-01 2.006077e-01 5.294737e+01
    endloop
  endfacet
  facet normal -2.557602e-01 9.667013e-01 8.674670e-03
    outer loop
      vertex -3.379106e-01 2.661935e-01 4.976316e+01
      vertex -4.778070e-01 2.006077e-01 5.294737e+01
      vertex -3.145418e-01 2.438028e-01 5.294737e+01
    endloop
  endfacet
  facet normal -4.244638e-01 9.053774e-01 1.105926e-02
    outer loop
      vertex -5.147475e-01 2.208918e-01 4.976316e+01
      vertex -6.604888e-01 1.525647e-01 4.976316e+01
      vertex -6.121376e-01 1.363375e-01 5.294737e+01
    endloop
  endfacet
  facet normal -4.315678e-01 9.020164e-01 1.075274e-02
    outer loop
      vertex -5.147475e-01 2.208918e-01 4.976316e+01
      vertex -6.121376e-01 1.363375e-01 5.294737e+01
      vertex -4.778070e-01 2.006077e-01 5.294737e+01
    endloop
  endfacet
  facet normal -7.251831e-01 6.883977e-01 1.476603e-02
    outer loop
      vertex -6.604888e-01 1.525647e-01 4.976316e+01
      vertex -7.347278e-01 7.435861e-02 4.976316e+01
      vertex -6.802486e-01 6.344810e-02 5.294737e+01
    endloop
  endfacet
  facet normal -7.305731e-01 6.826790e-01 1.457253e-02
    outer loop
      vertex -6.604888e-01 1.525647e-01 4.976316e+01
      vertex -6.802486e-01 6.344810e-02 5.294737e+01
      vertex -6.121376e-01 1.363375e-01 5.294737e+01
    endloop
  endfacet
  facet normal -9.998474e-01 2.431966e-03 1.730108e-02
    outer loop
      vertex -7.347278e-01 7.435861e-02 4.976316e+01
      vertex -7.349262e-01 -7.198995e-03 4.976316e+01
      vertex -6.798392e-01 -1.200355e-02 5.294737e+01
    endloop
  endfacet
  facet normal -9.998393e-01 -5.426243e-03 1.708781e-02
    outer loop
      vertex -7.347278e-01 7.435861e-02 4.976316e+01
      vertex -6.798392e-01 -1.200355e-02 5.294737e+01
      vertex -6.802486e-01 6.344810e-02 5.294737e+01
    endloop
  endfacet
  facet normal -7.030330e-01 -7.110671e-01 1.132031e-02
    outer loop
      vertex -7.349262e-01 -7.198995e-03 4.976316e+01
      vertex -6.630731e-01 -7.824021e-02 4.976316e+01
      vertex -6.128502e-01 -7.720242e-02 5.294737e+01
    endloop
  endfacet
  facet normal -6.974254e-01 -7.165732e-01 1.098428e-02
    outer loop
      vertex -7.349262e-01 -7.198995e-03 4.976316e+01
      vertex -6.128502e-01 -7.720242e-02 5.294737e+01
      vertex -6.798392e-01 -1.200355e-02 5.294737e+01
    endloop
  endfacet
  facet normal -3.741991e-01 -9.273253e-01 6.546655e-03
    outer loop
      vertex -6.630731e-01 -7.824021e-02 4.976316e+01
      vertex -5.240237e-01 -1.343501e-01 4.976316e+01
      vertex -4.838055e-01 -1.280995e-01 5.294737e+01
    endloop
  endfacet
  facet normal -3.669004e-01 -9.302403e-01 6.090106e-03
    outer loop
      vertex -6.630731e-01 -7.824021e-02 4.976316e+01
      vertex -4.838055e-01 -1.280995e-01 5.294737e+01
      vertex -6.128502e-01 -7.720242e-02 5.294737e+01
    endloop
  endfacet
  facet normal -2.040169e-01 -9.789552e-01 4.888096e-03
    outer loop
      vertex -5.240237e-01 -1.343501e-01 4.976316e+01
      vertex -3.570008e-01 -1.691582e-01 4.976316e+01
      vertex -3.290370e-01 -1.590866e-01 5.294737e+01
    endloop
  endfacet
  facet normal -1.963171e-01 -9.805306e-01 4.404358e-03
    outer loop
      vertex -5.240237e-01 -1.343501e-01 4.976316e+01
      vertex -3.290370e-01 -1.590866e-01 5.294737e+01
      vertex -4.838055e-01 -1.280995e-01 5.294737e+01
    endloop
  endfacet
  facet normal -1.012953e-01 -9.948458e-01 4.592192e-03
    outer loop
      vertex -3.570008e-01 -1.691582e-01 4.976316e+01
      vertex -1.147871e-01 -1.938204e-01 4.976316e+01
      vertex -1.047821e-01 -1.801408e-01 5.294737e+01
    endloop
  endfacet
  facet normal -9.347358e-02 -9.956138e-01 3.969993e-03
    outer loop
      vertex -3.570008e-01 -1.691582e-01 4.976316e+01
      vertex -1.047821e-01 -1.801408e-01 5.294737e+01
      vertex -3.290370e-01 -1.590866e-01 5.294737e+01
    endloop
  endfacet
  facet normal -3.255473e-02 -9.994572e-01 5.041519e-03
    outer loop
      vertex -1.147871e-01 -1.938204e-01 4.976316e+01
      vertex 1.677549e-01 -2.030234e-01 4.976316e+01
      vertex 1.566688e-01 -1.866004e-01 5.294737e+01
    endloop
  endfacet
  facet normal -2.469875e-02 -9.996854e-01 4.372310e-03
    outer loop
      vertex -1.147871e-01 -1.938204e-01 4.976316e+01
      vertex 1.566688e-01 -1.866004e-01 5.294737e+01
      vertex -1.047821e-01 -1.801408e-01 5.294737e+01
    endloop
  endfacet
  facet normal 7.215047e-03 -9.999566e-01 5.892019e-03
    outer loop
      vertex 1.677549e-01 -2.030234e-01 4.976316e+01
      vertex 4.784492e-01 -2.007817e-01 4.976316e+01
      vertex 4.440806e-01 -1.822674e-01 5.294737e+01
    endloop
  endfacet
  facet normal 1.507385e-02 -9.998728e-01 5.209485e-03
    outer loop
      vertex 1.677549e-01 -2.030234e-01 4.976316e+01
      vertex 4.440806e-01 -1.822674e-01 5.294737e+01
      vertex 1.566688e-01 -1.866004e-01 5.294737e+01
    endloop
  endfacet
  facet normal 3.473245e-02 -9.993726e-01 6.933595e-03
    outer loop
      vertex 4.784492e-01 -2.007817e-01 4.976316e+01
      vertex 8.058178e-01 -1.894042e-01 4.976316e+01
      vertex 7.468516e-01 -1.693617e-01 5.294737e+01
    endloop
  endfacet
  facet normal 4.258594e-02 -9.990731e-01 6.268656e-03
    outer loop
      vertex 4.784492e-01 -2.007817e-01 4.976316e+01
      vertex 7.468516e-01 -1.693617e-01 5.294737e+01
      vertex 4.440806e-01 -1.822674e-01 5.294737e+01
    endloop
  endfacet
  facet normal 5.461552e-02 -9.984751e-01 8.039466e-03
    outer loop
      vertex 8.058178e-01 -1.894042e-01 4.976316e+01
      vertex 1.130867e+00 -1.716244e-01 4.976316e+01
      vertex 1.047430e+00 -1.505498e-01 5.294737e+01
    endloop
  endfacet
  facet normal 6.246145e-02 -9.980197e-01 7.438573e-03
    outer loop
      vertex 8.058178e-01 -1.894042e-01 4.976316e+01
      vertex 1.047430e+00 -1.505498e-01 5.294737e+01
      vertex 7.468516e-01 -1.693617e-01 5.294737e+01
    endloop
  endfacet
  facet normal 6.557436e-02 -9.978077e-01 8.927889e-03
    outer loop
      vertex 1.130867e+00 -1.716244e-01 4.976316e+01
      vertex 1.395555e+00 -1.542295e-01 4.976316e+01
      vertex 1.292171e+00 -1.325330e-01 5.294737e+01
    endloop
  endfacet
  facet normal 7.341468e-02 -9.972651e-01 8.524056e-03
    outer loop
      vertex 1.130867e+00 -1.716244e-01 4.976316e+01
      vertex 1.292171e+00 -1.325330e-01 5.294737e+01
      vertex 1.047430e+00 -1.505498e-01 5.294737e+01
    endloop
  endfacet
  facet normal 7.268568e-02 -9.973068e-01 9.794097e-03
    outer loop
      vertex 1.395555e+00 -1.542295e-01 4.976316e+01
      vertex 1.674550e+00 -1.338958e-01 4.976316e+01
      vertex 1.550126e+00 -1.116934e-01 5.294737e+01
    endloop
  endfacet
  facet normal 8.052188e-02 -9.967085e-01 9.405712e-03
    outer loop
      vertex 1.395555e+00 -1.542295e-01 4.976316e+01
      vertex 1.550126e+00 -1.116934e-01 5.294737e+01
      vertex 1.292171e+00 -1.325330e-01 5.294737e+01
    endloop
  endfacet
  facet normal 7.882586e-02 -9.968324e-01 1.056569e-02
    outer loop
      vertex 1.674550e+00 -1.338958e-01 4.976316e+01
      vertex 1.908115e+00 -1.154263e-01 4.976316e+01
      vertex 1.766066e+00 -9.290877e-02 5.294737e+01
    endloop
  endfacet
  facet normal 8.665805e-02 -9.961845e-01 1.033225e-02
    outer loop
      vertex 1.674550e+00 -1.338958e-01 4.976316e+01
      vertex 1.766066e+00 -9.290877e-02 5.294737e+01
      vertex 1.550126e+00 -1.116934e-01 5.294737e+01
    endloop
  endfacet
  facet normal 8.437002e-02 -9.963714e-01 1.121345e-02
    outer loop
      vertex 1.908115e+00 -1.154263e-01 4.976316e+01
      vertex 2.084285e+00 -1.005087e-01 4.976316e+01
      vertex 1.928935e+00 -7.782730e-02 5.294737e+01
    endloop
  endfacet
  facet normal 9.219827e-02 -9.956782e-01 1.115408e-02
    outer loop
      vertex 1.908115e+00 -1.154263e-01 4.976316e+01
      vertex 1.928935e+00 -7.782730e-02 5.294737e+01
      vertex 1.766066e+00 -9.290877e-02 5.294737e+01
    endloop
  endfacet
  facet normal 8.897928e-02 -9.959649e-01 1.168664e-02
    outer loop
      vertex 2.084285e+00 -1.005087e-01 4.976316e+01
      vertex 2.193872e+00 -9.071824e-02 4.976316e+01
      vertex 2.030244e+00 -6.797320e-02 5.294737e+01
    endloop
  endfacet
  facet normal 9.680399e-02 -9.952334e-01 1.181196e-02
    outer loop
      vertex 2.084285e+00 -1.005087e-01 4.976316e+01
      vertex 2.030244e+00 -6.797320e-02 5.294737e+01
      vertex 1.928935e+00 -7.782730e-02 5.294737e+01
    endloop
  endfacet
  facet normal 9.166734e-02 -9.957185e-01 1.190829e-02
    outer loop
      vertex 2.193872e+00 -9.071824e-02 4.976316e+01
      vertex 2.231065e+00 -8.729423e-02 4.976316e+01
      vertex 2.064627e+00 -6.453517e-02 5.294737e+01
    endloop
  endfacet
  facet normal 9.948979e-02 -9.949635e-01 1.221960e-02
    outer loop
      vertex 2.193872e+00 -9.071824e-02 4.976316e+01
      vertex 2.064627e+00 -6.453517e-02 5.294737e+01
      vertex 2.030244e+00 -6.797320e-02 5.294737e+01
    endloop
  endfacet
  facet normal 2.855652e-01 9.582720e-01 1.293497e-02
    outer loop
      vertex 2.065564e+00 -5.474597e-02 5.294737e+01
      vertex 2.041191e+00 -4.748290e-02 5.294737e+01
      vertex 1.832478e+00 -2.826754e-02 5.613158e+01
    endloop
  endfacet
  facet normal 2.780519e-01 9.604864e-01 1.236658e-02
    outer loop
      vertex 2.065564e+00 -5.474597e-02 5.294737e+01
      vertex 1.832478e+00 -2.826754e-02 5.613158e+01
      vertex 1.854406e+00 -3.461540e-02 5.613158e+01
    endloop
  endfacet
  facet normal 2.786913e-01 9.602971e-01 1.267658e-02
    outer loop
      vertex 2.041191e+00 -4.748290e-02 5.294737e+01
      vertex 1.952290e+00 -2.168248e-02 5.294737e+01
      vertex 1.752500e+00 -5.734554e-03 5.613158e+01
    endloop
  endfacet
  facet normal 2.711626e-01 9.624592e-01 1.196566e-02
    outer loop
      vertex 2.041191e+00 -4.748290e-02 5.294737e+01
      vertex 1.752500e+00 -5.734554e-03 5.613158e+01
      vertex 1.832478e+00 -2.826754e-02 5.613158e+01
    endloop
  endfacet
  facet normal 2.647375e-01 9.642443e-01 1.212509e-02
    outer loop
      vertex 1.952290e+00 -2.168248e-02 5.294737e+01
      vertex 1.802148e+00 1.953954e-02 5.294737e+01
      vertex 1.617445e+00 3.021004e-02 5.613158e+01
    endloop
  endfacet
  facet normal 2.571785e-01 9.662979e-01 1.129673e-02
    outer loop
      vertex 1.952290e+00 -2.168248e-02 5.294737e+01
      vertex 1.617445e+00 3.021004e-02 5.613158e+01
      vertex 1.752500e+00 -5.734554e-03 5.613158e+01
    endloop
  endfacet
  facet normal 2.450906e-01 9.694328e-01 1.143392e-02
    outer loop
      vertex 1.802148e+00 1.953954e-02 5.294737e+01
      vertex 1.597602e+00 7.125270e-02 5.294737e+01
      vertex 1.433484e+00 7.518879e-02 5.613158e+01
    endloop
  endfacet
  facet normal 2.374914e-01 9.713327e-01 1.052090e-02
    outer loop
      vertex 1.802148e+00 1.953954e-02 5.294737e+01
      vertex 1.433484e+00 7.518879e-02 5.613158e+01
      vertex 1.617445e+00 3.021004e-02 5.613158e+01
    endloop
  endfacet
  facet normal 2.209143e-01 9.752340e-01 1.074539e-02
    outer loop
      vertex 1.597602e+00 7.125270e-02 5.294737e+01
      vertex 1.348174e+00 1.277541e-01 5.294737e+01
      vertex 1.209204e+00 1.241498e-01 5.613158e+01
    endloop
  endfacet
  facet normal 2.132702e-01 9.769443e-01 9.784578e-03
    outer loop
      vertex 1.597602e+00 7.125270e-02 5.294737e+01
      vertex 1.209204e+00 1.241498e-01 5.613158e+01
      vertex 1.433484e+00 7.518879e-02 5.613158e+01
    endloop
  endfacet
  facet normal 1.946068e-01 9.808289e-01 1.014515e-02
    outer loop
      vertex 1.348174e+00 1.277541e-01 5.294737e+01
      vertex 1.107595e+00 1.754876e-01 5.294737e+01
      vertex 9.929274e-01 1.653032e-01 5.613158e+01
    endloop
  endfacet
  facet normal 1.869192e-01 9.823316e-01 9.269752e-03
    outer loop
      vertex 1.348174e+00 1.277541e-01 5.294737e+01
      vertex 9.929274e-01 1.653032e-01 5.613158e+01
      vertex 1.209204e+00 1.241498e-01 5.613158e+01
    endloop
  endfacet
  facet normal 1.630396e-01 9.865719e-01 9.697966e-03
    outer loop
      vertex 1.107595e+00 1.754876e-01 5.294737e+01
      vertex 8.076803e-01 2.250511e-01 5.294737e+01
      vertex 7.233799e-01 2.076818e-01 5.613158e+01
    endloop
  endfacet
  facet normal 1.553077e-01 9.878274e-01 8.752321e-03
    outer loop
      vertex 1.107595e+00 1.754876e-01 5.294737e+01
      vertex 7.233799e-01 2.076818e-01 5.613158e+01
      vertex 9.929274e-01 1.653032e-01 5.613158e+01
    endloop
  endfacet
  facet normal 1.209034e-01 9.926207e-01 9.297314e-03
    outer loop
      vertex 8.076803e-01 2.250511e-01 5.294737e+01
      vertex 5.011357e-01 2.623889e-01 5.294737e+01
      vertex 4.479673e-01 2.390403e-01 5.613158e+01
    endloop
  endfacet
  facet normal 1.131249e-01 9.935451e-01 8.414538e-03
    outer loop
      vertex 8.076803e-01 2.250511e-01 5.294737e+01
      vertex 4.479673e-01 2.390403e-01 5.613158e+01
      vertex 7.233799e-01 2.076818e-01 5.613158e+01
    endloop
  endfacet
  facet normal 6.201720e-02 9.980343e-01 9.018381e-03
    outer loop
      vertex 5.011357e-01 2.623889e-01 5.294737e+01
      vertex 2.007243e-01 2.810563e-01 5.294737e+01
      vertex 1.781910e-01 2.536835e-01 5.613158e+01
    endloop
  endfacet
  facet normal 5.419763e-02 9.984963e-01 8.226578e-03
    outer loop
      vertex 5.011357e-01 2.623889e-01 5.294737e+01
      vertex 1.781910e-01 2.536835e-01 5.613158e+01
      vertex 4.479673e-01 2.390403e-01 5.613158e+01
    endloop
  endfacet
  facet normal -2.271400e-02 9.997011e-01 9.045311e-03
    outer loop
      vertex 2.007243e-01 2.810563e-01 5.294737e+01
      vertex -7.645675e-02 2.747585e-01 5.294737e+01
      vertex -7.055844e-02 2.460818e-01 5.613158e+01
    endloop
  endfacet
  facet normal -3.054458e-02 9.994983e-01 8.375948e-03
    outer loop
      vertex 2.007243e-01 2.810563e-01 5.294737e+01
      vertex -7.055844e-02 2.460818e-01 5.613158e+01
      vertex 1.781910e-01 2.536835e-01 5.613158e+01
    endloop
  endfacet
  facet normal -1.289284e-01 9.916065e-01 9.699301e-03
    outer loop
      vertex -7.645675e-02 2.747585e-01 5.294737e+01
      vertex -3.145418e-01 2.438028e-01 5.294737e+01
      vertex -2.840425e-01 2.166223e-01 5.613158e+01
    endloop
  endfacet
  facet normal -1.366928e-01 9.905710e-01 9.174216e-03
    outer loop
      vertex -7.645675e-02 2.747585e-01 5.294737e+01
      vertex -2.840425e-01 2.166223e-01 5.613158e+01
      vertex -7.055844e-02 2.460818e-01 5.613158e+01
    endloop
  endfacet
  facet normal -2.557541e-01 9.666784e-01 1.107419e-02
    outer loop
      vertex -3.145418e-01 2.438028e-01 5.294737e+01
      vertex -4.778070e-01 2.006077e-01 5.294737e+01
      vertex -4.302833e-01 1.767030e-01 5.613158e+01
    endloop
  endfacet
  facet normal -2.633196e-01 9.646487e-01 1.075642e-02
    outer loop
      vertex -3.145418e-01 2.438028e-01 5.294737e+01
      vertex -4.302833e-01 1.767030e-01 5.613158e+01
      vertex -2.840425e-01 2.166223e-01 5.613158e+01
    endloop
  endfacet
  facet normal -4.315531e-01 9.019859e-01 1.354109e-02
    outer loop
      vertex -4.778070e-01 2.006077e-01 5.294737e+01
      vertex -6.121376e-01 1.363375e-01 5.294737e+01
      vertex -5.504047e-01 1.180704e-01 5.613158e+01
    endloop
  endfacet
  facet normal -4.386070e-01 8.985807e-01 1.329200e-02
    outer loop
      vertex -4.778070e-01 2.006077e-01 5.294737e+01
      vertex -5.504047e-01 1.180704e-01 5.613158e+01
      vertex -4.302833e-01 1.767030e-01 5.613158e+01
    endloop
  endfacet
  facet normal -7.305283e-01 6.826371e-01 1.829929e-02
    outer loop
      vertex -6.121376e-01 1.363375e-01 5.294737e+01
      vertex -6.802486e-01 6.344810e-02 5.294737e+01
      vertex -6.110277e-01 5.216701e-02 5.613158e+01
    endloop
  endfacet
  facet normal -7.358553e-01 6.768955e-01 1.814937e-02
    outer loop
      vertex -6.121376e-01 1.363375e-01 5.294737e+01
      vertex -6.110277e-01 5.216701e-02 5.613158e+01
      vertex -5.504047e-01 1.180704e-01 5.613158e+01
    endloop
  endfacet
  facet normal -9.997459e-01 -5.425736e-03 2.188065e-02
    outer loop
      vertex -6.802486e-01 6.344810e-02 5.294737e+01
      vertex -6.798392e-01 -1.200355e-02 5.294737e+01
      vertex -6.101296e-01 -1.555443e-02 5.613158e+01
    endloop
  endfacet
  facet normal -9.996770e-01 -1.325708e-02 2.168483e-02
    outer loop
      vertex -6.802486e-01 6.344810e-02 5.294737e+01
      vertex -6.101296e-01 -1.555443e-02 5.613158e+01
      vertex -6.110277e-01 5.216701e-02 5.613158e+01
    endloop
  endfacet
  facet normal -6.973924e-01 -7.165393e-01 1.467485e-02
    outer loop
      vertex -6.798392e-01 -1.200355e-02 5.294737e+01
      vertex -6.128502e-01 -7.720242e-02 5.294737e+01
      vertex -5.495428e-01 -7.360499e-02 5.613158e+01
    endloop
  endfacet
  facet normal -6.917614e-01 -7.219838e-01 1.433910e-02
    outer loop
      vertex -6.798392e-01 -1.200355e-02 5.294737e+01
      vertex -5.495428e-01 -7.360499e-02 5.613158e+01
      vertex -6.101296e-01 -1.555443e-02 5.613158e+01
    endloop
  endfacet
  facet normal -3.668935e-01 -9.302227e-01 8.651702e-03
    outer loop
      vertex -6.128502e-01 -7.720242e-02 5.294737e+01
      vertex -4.838055e-01 -1.280995e-01 5.294737e+01
      vertex -4.333563e-01 -1.183822e-01 5.613158e+01
    endloop
  endfacet
  facet normal -3.595968e-01 -9.330717e-01 8.203539e-03
    outer loop
      vertex -6.128502e-01 -7.720242e-02 5.294737e+01
      vertex -4.333563e-01 -1.183822e-01 5.613158e+01
      vertex -5.495428e-01 -7.360499e-02 5.613158e+01
    endloop
  endfacet
  facet normal -1.963149e-01 -9.805197e-01 6.451157e-03
    outer loop
      vertex -4.838055e-01 -1.280995e-01 5.294737e+01
      vertex -3.290370e-01 -1.590866e-01 5.294737e+01
      vertex -2.942203e-01 -1.451074e-01 5.613158e+01
    endloop
  endfacet
  facet normal -1.886286e-01 -9.820303e-01 5.985451e-03
    outer loop
      vertex -4.838055e-01 -1.280995e-01 5.294737e+01
      vertex -2.942203e-01 -1.451074e-01 5.613158e+01
      vertex -4.333563e-01 -1.183822e-01 5.613158e+01
    endloop
  endfacet
  facet normal -9.347270e-02 -9.956044e-01 5.890259e-03
    outer loop
      vertex -3.290370e-01 -1.590866e-01 5.294737e+01
      vertex -1.047821e-01 -1.801408e-01 5.294737e+01
      vertex -9.278426e-02 -1.624286e-01 5.613158e+01
    endloop
  endfacet
  facet normal -8.567110e-02 -9.963093e-01 5.310679e-03
    outer loop
      vertex -3.290370e-01 -1.590866e-01 5.294737e+01
      vertex -9.278426e-02 -1.624286e-01 5.613158e+01
      vertex -2.942203e-01 -1.451074e-01 5.613158e+01
    endloop
  endfacet
  facet normal -2.469851e-02 -9.996755e-01 6.231273e-03
    outer loop
      vertex -1.047821e-01 -1.801408e-01 5.294737e+01
      vertex 1.566688e-01 -1.866004e-01 5.294737e+01
      vertex 1.419358e-01 -1.663882e-01 5.613158e+01
    endloop
  endfacet
  facet normal -1.686691e-02 -9.998419e-01 5.625186e-03
    outer loop
      vertex -1.047821e-01 -1.801408e-01 5.294737e+01
      vertex 1.419358e-01 -1.663882e-01 5.613158e+01
      vertex -9.278426e-02 -1.624286e-01 5.613158e+01
    endloop
  endfacet
  facet normal 1.507368e-02 -9.998615e-01 7.051197e-03
    outer loop
      vertex 1.566688e-01 -1.866004e-01 5.294737e+01
      vertex 4.440806e-01 -1.822674e-01 5.294737e+01
      vertex 3.998820e-01 -1.604781e-01 5.613158e+01
    endloop
  endfacet
  facet normal 2.290567e-02 -9.997168e-01 6.451795e-03
    outer loop
      vertex 1.566688e-01 -1.866004e-01 5.294737e+01
      vertex 3.998820e-01 -1.604781e-01 5.613158e+01
      vertex 1.419358e-01 -1.663882e-01 5.613158e+01
    endloop
  endfacet
  facet normal 4.258539e-02 -9.990600e-01 8.096756e-03
    outer loop
      vertex 4.440806e-01 -1.822674e-01 5.294737e+01
      vertex 7.468516e-01 -1.693617e-01 5.294737e+01
      vertex 6.715542e-01 -1.467652e-01 5.613158e+01
    endloop
  endfacet
  facet normal 5.041038e-02 -9.987002e-01 7.533742e-03
    outer loop
      vertex 4.440806e-01 -1.822674e-01 5.294737e+01
      vertex 6.715542e-01 -1.467652e-01 5.613158e+01
      vertex 3.998820e-01 -1.604781e-01 5.613158e+01
    endloop
  endfacet
  facet normal 6.246052e-02 -9.980048e-01 9.224267e-03
    outer loop
      vertex 7.468516e-01 -1.693617e-01 5.294737e+01
      vertex 1.047430e+00 -1.505498e-01 5.294737e+01
      vertex 9.412168e-01 -1.277665e-01 5.613158e+01
    endloop
  endfacet
  facet normal 7.027672e-02 -9.974892e-01 8.740429e-03
    outer loop
      vertex 7.468516e-01 -1.693617e-01 5.294737e+01
      vertex 9.412168e-01 -1.277665e-01 5.613158e+01
      vertex 6.715542e-01 -1.467652e-01 5.613158e+01
    endloop
  endfacet
  facet normal 7.341358e-02 -9.972502e-01 1.012609e-02
    outer loop
      vertex 1.047430e+00 -1.505498e-01 5.294737e+01
      vertex 1.292171e+00 -1.325330e-01 5.294737e+01
      vertex 1.160766e+00 -1.098740e-01 5.613158e+01
    endloop
  endfacet
  facet normal 8.122346e-02 -9.966473e-01 9.840415e-03
    outer loop
      vertex 1.047430e+00 -1.505498e-01 5.294737e+01
      vertex 1.160766e+00 -1.098740e-01 5.613158e+01
      vertex 9.412168e-01 -1.277665e-01 5.613158e+01
    endloop
  endfacet
  facet normal 8.052059e-02 -9.966924e-01 1.098685e-02
    outer loop
      vertex 1.292171e+00 -1.325330e-01 5.294737e+01
      vertex 1.550126e+00 -1.116934e-01 5.294737e+01
      vertex 1.392156e+00 -8.935484e-02 5.613158e+01
    endloop
  endfacet
  facet normal 8.832589e-02 -9.960338e-01 1.073283e-02
    outer loop
      vertex 1.292171e+00 -1.325330e-01 5.294737e+01
      vertex 1.392156e+00 -8.935484e-02 5.613158e+01
      vertex 1.160766e+00 -1.098740e-01 5.613158e+01
    endloop
  endfacet
  facet normal 8.665668e-02 -9.961687e-01 1.176620e-02
    outer loop
      vertex 1.550126e+00 -1.116934e-01 5.294737e+01
      vertex 1.766066e+00 -9.290877e-02 5.294737e+01
      vertex 1.585849e+00 -7.097568e-02 5.613158e+01
    endloop
  endfacet
  facet normal 9.445756e-02 -9.954605e-01 1.166963e-02
    outer loop
      vertex 1.550126e+00 -1.116934e-01 5.294737e+01
      vertex 1.585849e+00 -7.097568e-02 5.613158e+01
      vertex 1.392156e+00 -8.935484e-02 5.613158e+01
    endloop
  endfacet
  facet normal 9.219687e-02 -9.956631e-01 1.243744e-02
    outer loop
      vertex 1.766066e+00 -9.290877e-02 5.294737e+01
      vertex 1.928935e+00 -7.782730e-02 5.294737e+01
      vertex 1.731932e+00 -5.629356e-02 5.613158e+01
    endloop
  endfacet
  facet normal 9.999342e-02 -9.949094e-01 1.251235e-02
    outer loop
      vertex 1.766066e+00 -9.290877e-02 5.294737e+01
      vertex 1.731932e+00 -5.629356e-02 5.613158e+01
      vertex 1.585849e+00 -7.097568e-02 5.613158e+01
    endloop
  endfacet
  facet normal 9.680263e-02 -9.952194e-01 1.294414e-02
    outer loop
      vertex 1.928935e+00 -7.782730e-02 5.294737e+01
      vertex 2.030244e+00 -6.797320e-02 5.294737e+01
      vertex 1.822797e+00 -4.673632e-02 5.613158e+01
    endloop
  endfacet
  facet normal 1.045953e-01 -9.944273e-01 1.319616e-02
    outer loop
      vertex 1.928935e+00 -7.782730e-02 5.294737e+01
      vertex 1.822797e+00 -4.673632e-02 5.613158e+01
      vertex 1.731932e+00 -5.629356e-02 5.613158e+01
    endloop
  endfacet
  facet normal 9.948856e-02 -9.949512e-01 1.319363e-02
    outer loop
      vertex 2.030244e+00 -6.797320e-02 5.294737e+01
      vertex 2.064627e+00 -6.453517e-02 5.294737e+01
      vertex 1.853634e+00 -4.340863e-02 5.613158e+01
    endloop
  endfacet
  facet normal 1.072788e-01 -9.941357e-01 1.361942e-02
    outer loop
      vertex 2.030244e+00 -6.797320e-02 5.294737e+01
      vertex 1.853634e+00 -4.340863e-02 5.613158e+01
      vertex 1.822797e+00 -4.673632e-02 5.613158e+01
    endloop
  endfacet
  facet normal 2.779900e-01 9.602724e-01 2.446295e-02
    outer loop
      vertex 1.854406e+00 -3.461540e-02 5.613158e+01
      vertex 1.832478e+00 -2.826754e-02 5.613158e+01
      vertex 1.494483e+00 -1.153893e-02 5.931579e+01
    endloop
  endfacet
  facet normal 2.705896e-01 9.624052e-01 2.361101e-02
    outer loop
      vertex 1.854406e+00 -3.461540e-02 5.613158e+01
      vertex 1.494483e+00 -1.153893e-02 5.931579e+01
      vertex 1.512404e+00 -1.657758e-02 5.931579e+01
    endloop
  endfacet
  facet normal 2.711047e-01 9.622535e-01 2.388558e-02
    outer loop
      vertex 1.832478e+00 -2.826754e-02 5.613158e+01
      vertex 1.752500e+00 -5.734554e-03 5.613158e+01
      vertex 1.429123e+00 6.333292e-03 5.931579e+01
    endloop
  endfacet
  facet normal 2.636897e-01 9.643351e-01 2.292368e-02
    outer loop
      vertex 1.832478e+00 -2.826754e-02 5.613158e+01
      vertex 1.429123e+00 6.333292e-03 5.931579e+01
      vertex 1.494483e+00 -1.153893e-02 5.931579e+01
    endloop
  endfacet
  facet normal 2.571285e-01 9.661099e-01 2.272725e-02
    outer loop
      vertex 1.752500e+00 -5.734554e-03 5.613158e+01
      vertex 1.617445e+00 3.021004e-02 5.613158e+01
      vertex 1.318766e+00 3.479609e-02 5.931579e+01
    endloop
  endfacet
  facet normal 2.496840e-01 9.680845e-01 2.168807e-02
    outer loop
      vertex 1.752500e+00 -5.734554e-03 5.613158e+01
      vertex 1.318766e+00 3.479609e-02 5.931579e+01
      vertex 1.429123e+00 6.333292e-03 5.931579e+01
    endloop
  endfacet
  facet normal 2.374510e-01 9.711671e-01 2.124776e-02
    outer loop
      vertex 1.617445e+00 3.021004e-02 5.613158e+01
      vertex 1.433484e+00 7.518879e-02 5.613158e+01
      vertex 1.168471e+00 7.031861e-02 5.931579e+01
    endloop
  endfacet
  facet normal 2.299675e-01 9.729893e-01 2.016964e-02
    outer loop
      vertex 1.617445e+00 3.021004e-02 5.613158e+01
      vertex 1.168471e+00 7.031861e-02 5.931579e+01
      vertex 1.318766e+00 3.479609e-02 5.931579e+01
    endloop
  endfacet
  facet normal 2.132390e-01 9.768015e-01 1.969411e-02
    outer loop
      vertex 1.433484e+00 7.518879e-02 5.613158e+01
      vertex 1.209204e+00 1.241498e-01 5.613158e+01
      vertex 9.852728e-01 1.088352e-01 5.931579e+01
    endloop
  endfacet
  facet normal 2.057120e-01 9.784355e-01 1.861733e-02
    outer loop
      vertex 1.433484e+00 7.518879e-02 5.613158e+01
      vertex 9.852728e-01 1.088352e-01 5.931579e+01
      vertex 1.168471e+00 7.031861e-02 5.931579e+01
    endloop
  endfacet
  facet normal 1.868959e-01 9.822092e-01 1.830180e-02
    outer loop
      vertex 1.209204e+00 1.241498e-01 5.613158e+01
      vertex 9.929274e-01 1.653032e-01 5.613158e+01
      vertex 8.086503e-01 1.410353e-01 5.931579e+01
    endloop
  endfacet
  facet normal 1.793268e-01 9.836367e-01 1.734209e-02
    outer loop
      vertex 1.209204e+00 1.241498e-01 5.613158e+01
      vertex 8.086503e-01 1.410353e-01 5.931579e+01
      vertex 9.852728e-01 1.088352e-01 5.931579e+01
    endloop
  endfacet
  facet normal 1.552911e-01 9.877216e-01 1.705303e-02
    outer loop
      vertex 9.929274e-01 1.653032e-01 5.613158e+01
      vertex 7.233799e-01 2.076818e-01 5.613158e+01
      vertex 5.885799e-01 1.738999e-01 5.931579e+01
    endloop
  endfacet
  facet normal 1.476797e-01 9.889045e-01 1.608331e-02
    outer loop
      vertex 9.929274e-01 1.653032e-01 5.613158e+01
      vertex 5.885799e-01 1.738999e-01 5.931579e+01
      vertex 8.086503e-01 1.410353e-01 5.931579e+01
    endloop
  endfacet
  facet normal 1.131147e-01 9.934551e-01 1.587518e-02
    outer loop
      vertex 7.233799e-01 2.076818e-01 5.613158e+01
      vertex 4.479673e-01 2.390403e-01 5.613158e+01
      vertex 3.637960e-01 1.977411e-01 5.931579e+01
    endloop
  endfacet
  facet normal 1.054595e-01 9.943103e-01 1.501336e-02
    outer loop
      vertex 7.233799e-01 2.076818e-01 5.613158e+01
      vertex 3.637960e-01 1.977411e-01 5.931579e+01
      vertex 5.885799e-01 1.738999e-01 5.931579e+01
    endloop
  endfacet
  facet normal 5.419343e-02 9.984191e-01 1.491501e-02
    outer loop
      vertex 4.479673e-01 2.390403e-01 5.613158e+01
      vertex 1.781910e-01 2.536835e-01 5.613158e+01
      vertex 1.437133e-01 2.079872e-01 5.931579e+01
    endloop
  endfacet
  facet normal 4.650081e-02 9.988175e-01 1.418386e-02
    outer loop
      vertex 4.479673e-01 2.390403e-01 5.613158e+01
      vertex 1.437133e-01 2.079872e-01 5.931579e+01
      vertex 3.637960e-01 1.977411e-01 5.931579e+01
    endloop
  endfacet
  facet normal -3.054244e-02 9.994282e-01 1.450294e-02
    outer loop
      vertex 1.781910e-01 2.536835e-01 5.613158e+01
      vertex -7.055844e-02 2.460818e-01 5.613158e+01
      vertex -5.908325e-02 2.002256e-01 5.931579e+01
    endloop
  endfacet
  facet normal -3.824113e-02 9.991715e-01 1.392495e-02
    outer loop
      vertex 1.781910e-01 2.536835e-01 5.613158e+01
      vertex -5.908325e-02 2.002256e-01 5.931579e+01
      vertex 1.437133e-01 2.079872e-01 5.931579e+01
    endloop
  endfacet
  facet normal -1.366828e-01 9.904985e-01 1.518197e-02
    outer loop
      vertex -7.055844e-02 2.460818e-01 5.613158e+01
      vertex -2.840425e-01 2.166223e-01 5.613158e+01
      vertex -2.329851e-01 1.748615e-01 5.931579e+01
    endloop
  endfacet
  facet normal -1.443102e-01 9.894223e-01 1.476883e-02
    outer loop
      vertex -7.055844e-02 2.460818e-01 5.613158e+01
      vertex -2.329851e-01 1.748615e-01 5.931579e+01
      vertex -5.908325e-02 2.002256e-01 5.931579e+01
    endloop
  endfacet
  facet normal -2.632960e-01 9.645623e-01 1.717104e-02
    outer loop
      vertex -2.840425e-01 2.166223e-01 5.613158e+01
      vertex -4.302833e-01 1.767030e-01 5.613158e+01
      vertex -3.519873e-01 1.413904e-01 5.931579e+01
    endloop
  endfacet
  facet normal -2.707198e-01 9.625087e-01 1.696411e-02
    outer loop
      vertex -2.840425e-01 2.166223e-01 5.613158e+01
      vertex -3.519873e-01 1.413904e-01 5.931579e+01
      vertex -2.329851e-01 1.748615e-01 5.931579e+01
    endloop
  endfacet
  facet normal -4.385489e-01 8.984617e-01 2.101092e-02
    outer loop
      vertex -4.302833e-01 1.767030e-01 5.613158e+01
      vertex -5.504047e-01 1.180704e-01 5.613158e+01
      vertex -4.495726e-01 9.282350e-02 5.931579e+01
    endloop
  endfacet
  facet normal -4.454586e-01 8.950590e-01 2.087943e-02
    outer loop
      vertex -4.302833e-01 1.767030e-01 5.613158e+01
      vertex -4.495726e-01 9.282350e-02 5.931579e+01
      vertex -3.519873e-01 1.413904e-01 5.931579e+01
    endloop
  endfacet
  facet normal -7.356705e-01 6.767254e-01 2.883814e-02
    outer loop
      vertex -5.504047e-01 1.180704e-01 5.613158e+01
      vertex -6.110277e-01 5.216701e-02 5.613158e+01
      vertex -4.985940e-01 3.870131e-02 5.931579e+01
    endloop
  endfacet
  facet normal -7.408631e-01 6.710391e-01 2.878089e-02
    outer loop
      vertex -5.504047e-01 1.180704e-01 5.613158e+01
      vertex -4.985940e-01 3.870131e-02 5.931579e+01
      vertex -4.495726e-01 9.282350e-02 5.931579e+01
    endloop
  endfacet
  facet normal -9.992867e-01 -1.325190e-02 3.536206e-02
    outer loop
      vertex -6.110277e-01 5.216701e-02 5.613158e+01
      vertex -6.101296e-01 -1.555443e-02 5.613158e+01
      vertex -4.974362e-01 -1.651692e-02 5.931579e+01
    endloop
  endfacet
  facet normal -9.991610e-01 -2.094983e-02 3.519153e-02
    outer loop
      vertex -6.110277e-01 5.216701e-02 5.613158e+01
      vertex -4.974362e-01 -1.651692e-02 5.931579e+01
      vertex -4.985940e-01 3.870131e-02 5.931579e+01
    endloop
  endfacet
  facet normal -6.916261e-01 -7.218426e-01 2.442486e-02
    outer loop
      vertex -6.101296e-01 -1.555443e-02 5.613158e+01
      vertex -5.495428e-01 -7.360499e-02 5.613158e+01
      vertex -4.476657e-01 -6.347399e-02 5.931579e+01
    endloop
  endfacet
  facet normal -6.860508e-01 -7.271557e-01 2.406044e-02
    outer loop
      vertex -6.101296e-01 -1.555443e-02 5.613158e+01
      vertex -4.476657e-01 -6.347399e-02 5.931579e+01
      vertex -4.974362e-01 -1.651692e-02 5.931579e+01
    endloop
  endfacet
  facet normal -3.595699e-01 -9.330021e-01 1.471836e-02
    outer loop
      vertex -5.495428e-01 -7.360499e-02 5.613158e+01
      vertex -4.333563e-01 -1.183822e-01 5.613158e+01
      vertex -3.526393e-01 -9.925790e-02 5.931579e+01
    endloop
  endfacet
  facet normal -3.523741e-01 -9.357507e-01 1.425124e-02
    outer loop
      vertex -5.495428e-01 -7.360499e-02 5.613158e+01
      vertex -3.526393e-01 -9.925790e-02 5.931579e+01
      vertex -4.476657e-01 -6.347399e-02 5.931579e+01
    endloop
  endfacet
  facet normal -1.886206e-01 -9.819889e-01 1.095867e-02
    outer loop
      vertex -4.333563e-01 -1.183822e-01 5.613158e+01
      vertex -2.942203e-01 -1.451074e-01 5.613158e+01
      vertex -2.390122e-01 -1.201771e-01 5.931579e+01
    endloop
  endfacet
  facet normal -1.810510e-01 -9.834177e-01 1.049586e-02
    outer loop
      vertex -4.333563e-01 -1.183822e-01 5.613158e+01
      vertex -2.390122e-01 -1.201771e-01 5.931579e+01
      vertex -3.526393e-01 -9.925790e-02 5.931579e+01
    endloop
  endfacet
  facet normal -8.566829e-02 -9.962766e-01 9.684399e-03
    outer loop
      vertex -2.942203e-01 -1.451074e-01 5.613158e+01
      vertex -9.278426e-02 -1.624286e-01 5.613158e+01
      vertex -7.464109e-02 -1.330363e-01 5.931579e+01
    endloop
  endfacet
  facet normal -7.799113e-02 -9.969120e-01 9.157400e-03
    outer loop
      vertex -2.942203e-01 -1.451074e-01 5.613158e+01
      vertex -7.464109e-02 -1.330363e-01 5.931579e+01
      vertex -2.390122e-01 -1.201771e-01 5.931579e+01
    endloop
  endfacet
  facet normal -1.686637e-02 -9.998098e-01 9.788118e-03
    outer loop
      vertex -9.278426e-02 -1.624286e-01 5.613158e+01
      vertex 1.419358e-01 -1.663882e-01 5.613158e+01
      vertex 1.167877e-01 -1.347906e-01 5.931579e+01
    endloop
  endfacet
  facet normal -9.163692e-03 -9.999149e-01 9.282071e-03
    outer loop
      vertex -9.278426e-02 -1.624286e-01 5.613158e+01
      vertex 1.167877e-01 -1.347906e-01 5.931579e+01
      vertex -7.464109e-02 -1.330363e-01 5.931579e+01
    endloop
  endfacet
  facet normal 2.290486e-02 -9.996813e-01 1.060996e-02
    outer loop
      vertex 1.419358e-01 -1.663882e-01 5.613158e+01
      vertex 3.998820e-01 -1.604781e-01 5.613158e+01
      vertex 3.270944e-01 -1.283507e-01 5.931579e+01
    endloop
  endfacet
  facet normal 3.060556e-02 -9.994799e-01 1.015977e-02
    outer loop
      vertex 1.419358e-01 -1.663882e-01 5.613158e+01
      vertex 3.270944e-01 -1.283507e-01 5.931579e+01
      vertex 1.167877e-01 -1.347906e-01 5.931579e+01
    endloop
  endfacet
  facet normal 5.040832e-02 -9.986594e-01 1.176498e-02
    outer loop
      vertex 3.998820e-01 -1.604781e-01 5.613158e+01
      vertex 6.715542e-01 -1.467652e-01 5.613158e+01
      vertex 5.485451e-01 -1.154617e-01 5.931579e+01
    endloop
  endfacet
  facet normal 5.810043e-02 -9.982457e-01 1.140001e-02
    outer loop
      vertex 3.998820e-01 -1.604781e-01 5.613158e+01
      vertex 5.485451e-01 -1.154617e-01 5.931579e+01
      vertex 3.270944e-01 -1.283507e-01 5.931579e+01
    endloop
  endfacet
  facet normal 7.027342e-02 -9.974424e-01 1.305372e-02
    outer loop
      vertex 6.715542e-01 -1.467652e-01 5.613158e+01
      vertex 9.412168e-01 -1.277665e-01 5.613158e+01
      vertex 7.683237e-01 -9.827506e-02 5.931579e+01
    endloop
  endfacet
  facet normal 7.795556e-02 -9.968745e-01 1.281161e-02
    outer loop
      vertex 6.715542e-01 -1.467652e-01 5.613158e+01
      vertex 7.683237e-01 -9.827506e-02 5.931579e+01
      vertex 5.485451e-01 -1.154617e-01 5.931579e+01
    endloop
  endfacet
  facet normal 8.121935e-02 -9.965969e-01 1.407477e-02
    outer loop
      vertex 9.412168e-01 -1.277665e-01 5.613158e+01
      vertex 1.160766e+00 -1.098740e-01 5.613158e+01
      vertex 9.472440e-01 -8.230523e-02 5.931579e+01
    endloop
  endfacet
  facet normal 8.889444e-02 -9.959419e-01 1.405089e-02
    outer loop
      vertex 9.412168e-01 -1.277665e-01 5.613158e+01
      vertex 9.472440e-01 -8.230523e-02 5.931579e+01
      vertex 7.683237e-01 -9.827506e-02 5.931579e+01
    endloop
  endfacet
  facet normal 8.832104e-02 -9.959791e-01 1.500389e-02
    outer loop
      vertex 1.160766e+00 -1.098740e-01 5.613158e+01
      vertex 1.392156e+00 -8.935484e-02 5.613158e+01
      vertex 1.135804e+00 -6.411914e-02 5.931579e+01
    endloop
  endfacet
  facet normal 9.599106e-02 -9.952684e-01 1.505381e-02
    outer loop
      vertex 1.160766e+00 -1.098740e-01 5.613158e+01
      vertex 1.135804e+00 -6.411914e-02 5.931579e+01
      vertex 9.472440e-01 -8.230523e-02 5.931579e+01
    endloop
  endfacet
  facet normal 9.445208e-02 -9.954028e-01 1.587673e-02
    outer loop
      vertex 1.392156e+00 -8.935484e-02 5.613158e+01
      vertex 1.585849e+00 -7.097568e-02 5.613158e+01
      vertex 1.293636e+00 -4.791492e-02 5.931579e+01
    endloop
  endfacet
  facet normal 1.021172e-01 -9.946420e-01 1.610399e-02
    outer loop
      vertex 1.392156e+00 -8.935484e-02 5.613158e+01
      vertex 1.293636e+00 -4.791492e-02 5.931579e+01
      vertex 1.135804e+00 -6.411914e-02 5.931579e+01
    endloop
  endfacet
  facet normal 9.998735e-02 -9.948490e-01 1.667031e-02
    outer loop
      vertex 1.585849e+00 -7.097568e-02 5.613158e+01
      vertex 1.731932e+00 -5.629356e-02 5.613158e+01
      vertex 1.412668e+00 -3.502458e-02 5.931579e+01
    endloop
  endfacet
  facet normal 1.076476e-01 -9.940424e-01 1.707782e-02
    outer loop
      vertex 1.585849e+00 -7.097568e-02 5.613158e+01
      vertex 1.412668e+00 -3.502458e-02 5.931579e+01
      vertex 1.293636e+00 -4.791492e-02 5.931579e+01
    endloop
  endfacet
  facet normal 1.045887e-01 -9.943649e-01 1.730866e-02
    outer loop
      vertex 1.731932e+00 -5.629356e-02 5.613158e+01
      vertex 1.822797e+00 -4.673632e-02 5.613158e+01
      vertex 1.486704e+00 -2.666024e-02 5.931579e+01
    endloop
  endfacet
  facet normal 1.122448e-01 -9.935195e-01 1.789041e-02
    outer loop
      vertex 1.731932e+00 -5.629356e-02 5.613158e+01
      vertex 1.486704e+00 -2.666024e-02 5.931579e+01
      vertex 1.412668e+00 -3.502458e-02 5.931579e+01
    endloop
  endfacet
  facet normal 1.072720e-01 -9.940730e-01 1.765122e-02
    outer loop
      vertex 1.822797e+00 -4.673632e-02 5.613158e+01
      vertex 1.853634e+00 -4.340863e-02 5.613158e+01
      vertex 1.511830e+00 -2.375293e-02 5.931579e+01
    endloop
  endfacet
  facet normal 1.149253e-01 -9.932039e-01 1.839236e-02
    outer loop
      vertex 1.822797e+00 -4.673632e-02 5.613158e+01
      vertex 1.511830e+00 -2.375293e-02 5.931579e+01
      vertex 1.486704e+00 -2.666024e-02 5.931579e+01
    endloop
  endfacet
  facet normal 2.615165e-01 9.301350e-01 -2.577943e-01
    outer loop
      vertex 1.512404e+00 -1.657758e-02 5.931579e+01
      vertex 1.494483e+00 -1.153893e-02 5.931579e+01
      vertex 3.697500e+00 2.515906e-01 6.250000e+01
    endloop
  endfacet
  facet normal 1.926078e-01 9.579137e-01 -2.128466e-01
    outer loop
      vertex 1.512404e+00 -1.657758e-02 5.931579e+01
      vertex 3.697500e+00 2.515906e-01 6.250000e+01
      vertex 3.742757e+00 2.424908e-01 6.250000e+01
    endloop
  endfacet
  facet normal 2.553832e-01 9.339577e-01 -2.500048e-01
    outer loop
      vertex 1.494483e+00 -1.153893e-02 5.931579e+01
      vertex 1.429123e+00 6.333292e-03 5.931579e+01
      vertex 3.532537e+00 2.835314e-01 6.250000e+01
    endloop
  endfacet
  facet normal 1.859363e-01 9.602944e-01 -2.079959e-01
    outer loop
      vertex 1.494483e+00 -1.153893e-02 5.931579e+01
      vertex 3.532537e+00 2.835314e-01 6.250000e+01
      vertex 3.697500e+00 2.515906e-01 6.250000e+01
    endloop
  endfacet
  facet normal 2.427049e-01 9.410249e-01 -2.357254e-01
    outer loop
      vertex 1.429123e+00 6.333292e-03 5.931579e+01
      vertex 1.318766e+00 3.479609e-02 5.931579e+01
      vertex 3.254328e+00 3.332250e-01 6.250000e+01
    endloop
  endfacet
  facet normal 1.723598e-01 9.649577e-01 -1.978602e-01
    outer loop
      vertex 1.429123e+00 6.333292e-03 5.931579e+01
      vertex 3.254328e+00 3.332250e-01 6.250000e+01
      vertex 3.532537e+00 2.835314e-01 6.250000e+01
    endloop
  endfacet
  facet normal 2.245506e-01 9.500706e-01 -2.166630e-01
    outer loop
      vertex 1.318766e+00 3.479609e-02 5.931579e+01
      vertex 1.168471e+00 7.031861e-02 5.931579e+01
      vertex 2.876042e+00 3.928888e-01 6.250000e+01
    endloop
  endfacet
  facet normal 1.531332e-01 9.709094e-01 -1.840790e-01
    outer loop
      vertex 1.318766e+00 3.479609e-02 5.931579e+01
      vertex 2.876042e+00 3.928888e-01 6.250000e+01
      vertex 3.254328e+00 3.332250e-01 6.250000e+01
    endloop
  endfacet
  facet normal 2.018121e-01 9.598862e-01 -1.946546e-01
    outer loop
      vertex 1.168471e+00 7.031861e-02 5.931579e+01
      vertex 9.852728e-01 1.088352e-01 5.931579e+01
      vertex 2.415837e+00 4.537888e-01 6.250000e+01
    endloop
  endfacet
  facet normal 1.293166e-01 9.772094e-01 -1.683418e-01
    outer loop
      vertex 1.168471e+00 7.031861e-02 5.931579e+01
      vertex 2.415837e+00 4.537888e-01 6.250000e+01
      vertex 2.876042e+00 3.928888e-01 6.250000e+01
    endloop
  endfacet
  facet normal 1.766212e-01 9.687959e-01 -1.738952e-01
    outer loop
      vertex 9.852728e-01 1.088352e-01 5.931579e+01
      vertex 8.086503e-01 1.410353e-01 5.931579e+01
      vertex 1.973076e+00 5.003026e-01 6.250000e+01
    endloop
  endfacet
  facet normal 1.032511e-01 9.828391e-01 -1.528609e-01
    outer loop
      vertex 9.852728e-01 1.088352e-01 5.931579e+01
      vertex 1.973076e+00 5.003026e-01 6.250000e+01
      vertex 2.415837e+00 4.537888e-01 6.250000e+01
    endloop
  endfacet
  facet normal 1.460107e-01 9.777280e-01 -1.507608e-01
    outer loop
      vertex 8.086503e-01 1.410353e-01 5.931579e+01
      vertex 5.885799e-01 1.738999e-01 5.931579e+01
      vertex 1.422758e+00 5.403159e-01 6.250000e+01
    endloop
  endfacet
  facet normal 7.182687e-02 9.878628e-01 -1.377245e-01
    outer loop
      vertex 8.086503e-01 1.410353e-01 5.931579e+01
      vertex 1.422758e+00 5.403159e-01 6.250000e+01
      vertex 1.973076e+00 5.003026e-01 6.250000e+01
    endloop
  endfacet
  facet normal 1.046078e-01 9.862807e-01 -1.277014e-01
    outer loop
      vertex 5.885799e-01 1.738999e-01 5.931579e+01
      vertex 3.637960e-01 1.977411e-01 5.931579e+01
      vertex 8.624769e-01 5.571340e-01 6.250000e+01
    endloop
  endfacet
  facet normal 2.977982e-02 9.920877e-01 -1.219638e-01
    outer loop
      vertex 5.885799e-01 1.738999e-01 5.931579e+01
      vertex 8.624769e-01 5.571340e-01 6.250000e+01
      vertex 1.422758e+00 5.403159e-01 6.250000e+01
    endloop
  endfacet
  facet normal 4.624124e-02 9.932421e-01 -1.064509e-01
    outer loop
      vertex 3.637960e-01 1.977411e-01 5.931579e+01
      vertex 1.437133e-01 2.079872e-01 5.931579e+01
      vertex 3.163684e-01 5.412174e-01 6.250000e+01
    endloop
  endfacet
  facet normal -2.896395e-02 9.937693e-01 -1.076279e-01
    outer loop
      vertex 3.637960e-01 1.977411e-01 5.931579e+01
      vertex 3.163684e-01 5.412174e-01 6.250000e+01
      vertex 8.624769e-01 5.571340e-01 6.250000e+01
    endloop
  endfacet
  facet normal -3.808899e-02 9.951964e-01 -9.018520e-02
    outer loop
      vertex 1.437133e-01 2.079872e-01 5.931579e+01
      vertex -5.908325e-02 2.002256e-01 5.931579e+01
      vertex -1.836221e-01 4.840139e-01 6.250000e+01
    endloop
  endfacet
  facet normal -1.131277e-01 9.888004e-01 -9.734470e-02
    outer loop
      vertex 1.437133e-01 2.079872e-01 5.931579e+01
      vertex -1.836221e-01 4.840139e-01 6.250000e+01
      vertex 3.163684e-01 5.412174e-01 6.250000e+01
    endloop
  endfacet
  facet normal -1.438255e-01 9.860993e-01 -8.320082e-02
    outer loop
      vertex -5.908325e-02 2.002256e-01 5.931579e+01
      vertex -2.329851e-01 1.748615e-01 5.931579e+01
      vertex -6.088667e-01 3.887016e-01 6.250000e+01
    endloop
  endfacet
  facet normal -2.177180e-01 9.713688e-01 -9.508714e-02
    outer loop
      vertex -5.908325e-02 2.002256e-01 5.931579e+01
      vertex -6.088667e-01 3.887016e-01 6.250000e+01
      vertex -1.836221e-01 4.840139e-01 6.250000e+01
    endloop
  endfacet
  facet normal -2.696848e-01 9.588289e-01 -8.897859e-02
    outer loop
      vertex -2.329851e-01 1.748615e-01 5.931579e+01
      vertex -3.519873e-01 1.413904e-01 5.931579e+01
      vertex -8.968440e-01 2.836337e-01 6.250000e+01
    endloop
  endfacet
  facet normal -3.409253e-01 9.344311e-01 -1.029977e-01
    outer loop
      vertex -2.329851e-01 1.748615e-01 5.931579e+01
      vertex -8.968440e-01 2.836337e-01 6.250000e+01
      vertex -6.088667e-01 3.887016e-01 6.250000e+01
    endloop
  endfacet
  facet normal -4.428932e-01 8.899044e-01 -1.091596e-01
    outer loop
      vertex -3.519873e-01 1.413904e-01 5.931579e+01
      vertex -4.495726e-01 9.282350e-02 5.931579e+01
      vertex -1.129035e+00 1.452534e-01 6.250000e+01
    endloop
  endfacet
  facet normal -5.079365e-01 8.522786e-01 -1.249866e-01
    outer loop
      vertex -3.519873e-01 1.413904e-01 5.931579e+01
      vertex -1.129035e+00 1.452534e-01 6.250000e+01
      vertex -8.968440e-01 2.836337e-01 6.250000e+01
    endloop
  endfacet
  facet normal -7.312930e-01 6.623709e-01 -1.627121e-01
    outer loop
      vertex -4.495726e-01 9.282350e-02 5.931579e+01
      vertex -4.985940e-01 3.870131e-02 5.931579e+01
      vertex -1.240104e+00 2.239620e-03 6.250000e+01
    endloop
  endfacet
  facet normal -7.774861e-01 6.038158e-01 -1.758461e-01
    outer loop
      vertex -4.495726e-01 9.282350e-02 5.931579e+01
      vertex -1.240104e+00 2.239620e-03 6.250000e+01
      vertex -1.129035e+00 1.452534e-01 6.250000e+01
    endloop
  endfacet
  facet normal -9.743818e-01 -2.043027e-02 -2.239705e-01
    outer loop
      vertex -4.985940e-01 3.870131e-02 5.931579e+01
      vertex -4.974362e-01 -1.651692e-02 5.931579e+01
      vertex -1.226891e+00 -1.340788e-01 6.250000e+01
    endloop
  endfacet
  facet normal -9.693939e-01 -9.395922e-02 -2.268194e-01
    outer loop
      vertex -4.985940e-01 3.870131e-02 5.931579e+01
      vertex -1.226891e+00 -1.340788e-01 6.250000e+01
      vertex -1.240104e+00 2.239620e-03 6.250000e+01
    endloop
  endfacet
  facet normal -6.753910e-01 -7.158572e-01 -1.771874e-01
    outer loop
      vertex -4.974362e-01 -1.651692e-02 5.931579e+01
      vertex -4.476657e-01 -6.347399e-02 5.931579e+01
      vertex -1.095024e+00 -2.408585e-01 6.250000e+01
    endloop
  endfacet
  facet normal -6.201103e-01 -7.658005e-01 -1.703315e-01
    outer loop
      vertex -4.974362e-01 -1.651692e-02 5.931579e+01
      vertex -1.095024e+00 -2.408585e-01 6.250000e+01
      vertex -1.226891e+00 -1.340788e-01 6.250000e+01
    endloop
  endfacet
  facet normal -3.499898e-01 -9.294190e-01 -1.169934e-01
    outer loop
      vertex -4.476657e-01 -6.347399e-02 5.931579e+01
      vertex -3.526393e-01 -9.925790e-02 5.931579e+01
      vertex -8.533498e-01 -3.115281e-01 6.250000e+01
    endloop
  endfacet
  facet normal -2.789647e-01 -9.539967e-01 -1.098591e-01
    outer loop
      vertex -4.476657e-01 -6.347399e-02 5.931579e+01
      vertex -8.533498e-01 -3.115281e-01 6.250000e+01
      vertex -1.095024e+00 -2.408585e-01 6.250000e+01
    endloop
  endfacet
  facet normal -1.803760e-01 -9.797513e-01 -8.690197e-02
    outer loop
      vertex -3.526393e-01 -9.925790e-02 5.931579e+01
      vertex -2.390122e-01 -1.201771e-01 5.931579e+01
      vertex -5.684683e-01 -3.419560e-01 6.250000e+01
    endloop
  endfacet
  facet normal -1.058411e-01 -9.909379e-01 -8.270256e-02
    outer loop
      vertex -3.526393e-01 -9.925790e-02 5.931579e+01
      vertex -5.684683e-01 -3.419560e-01 6.250000e+01
      vertex -8.533498e-01 -3.115281e-01 6.250000e+01
    endloop
  endfacet
  facet normal -7.781574e-02 -9.946701e-01 -6.764662e-02
    outer loop
      vertex -2.390122e-01 -1.201771e-01 5.931579e+01
      vertex -7.464109e-02 -1.330363e-01 5.931579e+01
      vertex -1.596255e-01 -3.429430e-01 6.250000e+01
    endloop
  endfacet
  facet normal -2.408251e-03 -9.975631e-01 -6.972903e-02
    outer loop
      vertex -2.390122e-01 -1.201771e-01 5.931579e+01
      vertex -1.596255e-01 -3.429430e-01 6.250000e+01
      vertex -5.684683e-01 -3.419560e-01 6.250000e+01
    endloop
  endfacet
  facet normal -9.150310e-03 -9.984548e-01 -5.481155e-02
    outer loop
      vertex -7.464109e-02 -1.330363e-01 5.931579e+01
      vertex 1.167877e-01 -1.347906e-01 5.931579e+01
      vertex 3.140402e-01 -3.114000e-01 6.250000e+01
    endloop
  endfacet
  facet normal 6.631068e-02 -9.957527e-01 -6.387135e-02
    outer loop
      vertex -7.464109e-02 -1.330363e-01 5.931579e+01
      vertex 3.140402e-01 -3.114000e-01 6.250000e+01
      vertex -1.596255e-01 -3.429430e-01 6.250000e+01
    endloop
  endfacet
  facet normal 3.057626e-02 -9.985233e-01 -4.490335e-02
    outer loop
      vertex 1.167877e-01 -1.347906e-01 5.931579e+01
      vertex 3.270944e-01 -1.283507e-01 5.931579e+01
      vertex 8.328485e-01 -2.560570e-01 6.250000e+01
    endloop
  endfacet
  facet normal 1.058701e-01 -9.924698e-01 -6.160478e-02
    outer loop
      vertex 1.167877e-01 -1.347906e-01 5.931579e+01
      vertex 8.328485e-01 -2.560570e-01 6.250000e+01
      vertex 3.140402e-01 -3.114000e-01 6.250000e+01
    endloop
  endfacet
  facet normal 5.806615e-02 -9.976567e-01 -3.618573e-02
    outer loop
      vertex 3.270944e-01 -1.283507e-01 5.931579e+01
      vertex 5.485451e-01 -1.154617e-01 5.931579e+01
      vertex 1.378003e+00 -1.826788e-01 6.250000e+01
    endloop
  endfacet
  facet normal 1.331507e-01 -9.892277e-01 -6.082263e-02
    outer loop
      vertex 3.270944e-01 -1.283507e-01 5.931579e+01
      vertex 1.378003e+00 -1.826788e-01 6.250000e+01
      vertex 8.328485e-01 -2.560570e-01 6.250000e+01
    endloop
  endfacet
  facet normal 7.793059e-02 -9.965552e-01 -2.836550e-02
    outer loop
      vertex 5.485451e-01 -1.154617e-01 5.931579e+01
      vertex 7.683237e-01 -9.827506e-02 5.931579e+01
      vertex 1.918218e+00 -9.898732e-02 6.250000e+01
    endloop
  endfacet
  facet normal 1.528146e-01 -9.863933e-01 -6.062908e-02
    outer loop
      vertex 5.485451e-01 -1.154617e-01 5.931579e+01
      vertex 1.918218e+00 -9.898732e-02 6.250000e+01
      vertex 1.378003e+00 -1.826788e-01 6.250000e+01
    endloop
  endfacet
  facet normal 8.888219e-02 -9.958047e-01 -2.174875e-02
    outer loop
      vertex 7.683237e-01 -9.827506e-02 5.931579e+01
      vertex 9.472440e-01 -8.230523e-02 5.931579e+01
      vertex 2.357632e+00 -2.596309e-02 6.250000e+01
    endloop
  endfacet
  facet normal 1.636483e-01 -9.847338e-01 -5.931756e-02
    outer loop
      vertex 7.683237e-01 -9.827506e-02 5.931579e+01
      vertex 2.357632e+00 -2.596309e-02 6.250000e+01
      vertex 1.918218e+00 -9.898732e-02 6.250000e+01
    endloop
  endfacet
  facet normal 9.599285e-02 -9.952869e-01 -1.375750e-02
    outer loop
      vertex 9.472440e-01 -8.230523e-02 5.931579e+01
      vertex 1.135804e+00 -6.411914e-02 5.931579e+01
      vertex 2.820466e+00 5.434797e-02 6.250000e+01
    endloop
  endfacet
  facet normal 1.706758e-01 -9.836073e-01 -5.819359e-02
    outer loop
      vertex 9.472440e-01 -8.230523e-02 5.931579e+01
      vertex 2.820466e+00 5.434797e-02 6.250000e+01
      vertex 2.357632e+00 -2.596309e-02 6.250000e+01
    endloop
  endfacet
  facet normal 1.021274e-01 -9.947416e-01 -7.684067e-03
    outer loop
      vertex 1.135804e+00 -6.411914e-02 5.931579e+01
      vertex 1.293636e+00 -4.791492e-02 5.931579e+01
      vertex 3.207693e+00 1.239991e-01 6.250000e+01
    endloop
  endfacet
  facet normal 1.767431e-01 -9.826080e-01 -5.695153e-02
    outer loop
      vertex 1.135804e+00 -6.411914e-02 5.931579e+01
      vertex 3.207693e+00 1.239991e-01 6.250000e+01
      vertex 2.820466e+00 5.434797e-02 6.250000e+01
    endloop
  endfacet
  facet normal 1.076625e-01 -9.941795e-01 -3.993892e-03
    outer loop
      vertex 1.293636e+00 -4.791492e-02 5.931579e+01
      vertex 1.412668e+00 -3.502458e-02 5.931579e+01
      vertex 3.499603e+00 1.781836e-01 6.250000e+01
    endloop
  endfacet
  facet normal 1.822115e-01 -9.816329e-01 -5.653108e-02
    outer loop
      vertex 1.293636e+00 -4.791492e-02 5.931579e+01
      vertex 3.499603e+00 1.781836e-01 6.250000e+01
      vertex 3.207693e+00 1.239991e-01 6.250000e+01
    endloop
  endfacet
  facet normal 1.122623e-01 -9.936751e-01 -2.656607e-03
    outer loop
      vertex 1.412668e+00 -3.502458e-02 5.931579e+01
      vertex 1.486704e+00 -2.666024e-02 5.931579e+01
      vertex 3.681100e+00 2.127428e-01 6.250000e+01
    endloop
  endfacet
  facet normal 1.867500e-01 -9.807684e-01 -5.672587e-02
    outer loop
      vertex 1.412668e+00 -3.502458e-02 5.931579e+01
      vertex 3.681100e+00 2.127428e-01 6.250000e+01
      vertex 3.499603e+00 1.781836e-01 6.250000e+01
    endloop
  endfacet
  facet normal 1.149442e-01 -9.933673e-01 -3.039115e-03
    outer loop
      vertex 1.486704e+00 -2.666024e-02 5.931579e+01
      vertex 1.511830e+00 -2.375293e-02 5.931579e+01
      vertex 3.742681e+00 2.246410e-01 6.250000e+01
    endloop
  endfacet
  facet normal 1.893958e-01 -9.802553e-01 -5.682204e-02
    outer loop
      vertex 1.486704e+00 -2.666024e-02 5.931579e+01
      vertex 3.742681e+00 2.246410e-01 6.250000e+01
      vertex 3.681100e+00 2.127428e-01 6.250000e+01
    endloop
  endfacet
endsolid wind_turbine_blade